Date,Open,High,Low,Close,Volume
4-Aug-17,119.97,120.04,119.22,119.65,8644781
3-Aug-17,120.31,120.83,120.31,120.59,4275576
2-Aug-17,120.51,121.02,120.34,120.40,5945279
1-Aug-17,120.44,121.14,120.44,120.65,7365056
31-Jul-17,-,120.80,-,120.75,3944561
28-Jul-17,120.15,120.86,120.14,120.69,7393606
27-Jul-17,120.10,120.14,119.28,119.79,6385216
26-Jul-17,118.57,120.15,118.55,119.88,8527944
25-Jul-17,118.99,119.32,118.79,118.92,6202988
24-Jul-17,119.52,119.58,119.18,119.31,3654331
21-Jul-17,119.00,119.39,118.75,119.26,10135919
20-Jul-17,117.92,118.62,117.66,118.24,5571648
19-Jul-17,118.18,118.27,117.84,118.08,3205142
18-Jul-17,117.99,118.33,117.88,118.11,7158573
17-Jul-17,117.42,117.53,117.23,117.29,5170849
14-Jul-17,117.04,117.25,116.64,116.77,5788219
13-Jul-17,116.04,116.04,115.67,115.82,4148935
12-Jul-17,116.21,116.33,115.87,116.03,4654361
11-Jul-17,115.26,115.77,114.88,115.62,6637939
10-Jul-17,115.02,115.57,114.83,115.47,4970886
7-Jul-17,115.78,115.79,114.80,115.28,11153608
6-Jul-17,116.58,116.61,116.24,116.47,4443390
5-Jul-17,115.91,116.67,115.87,116.52,7223256
3-Jul-17,116.54,116.85,115.94,116.09,12145049
30-Jun-17,118.08,118.41,117.95,118.02,7272612
29-Jun-17,117.97,118.64,117.91,118.32,7705165
28-Jun-17,119.06,119.06,118.68,118.90,4220130
27-Jun-17,118.87,119.05,118.48,118.81,5759344
26-Jun-17,118.29,118.54,118.17,118.36,6593380
23-Jun-17,119.65,119.66,119.31,119.43,9258628
22-Jun-17,119.13,119.20,118.60,118.92,5811927
21-Jun-17,118.15,118.66,118.15,118.52,4723749
20-Jun-17,118.42,118.46,118.07,118.18,4617387
19-Jun-17,118.74,118.84,118.33,118.43,6786973
16-Jun-17,119.35,119.50,119.24,119.34,6435674
15-Jun-17,119.22,119.50,119.13,119.32,6796668
14-Jun-17,121.51,121.88,119.57,119.82,21124841
13-Jun-17,119.95,120.71,119.92,120.48,3786628
12-Jun-17,120.33,120.68,120.26,120.36,4927375
9-Jun-17,120.46,120.91,120.40,120.54,7054664
8-Jun-17,122.07,122.08,120.95,121.65,8169807
7-Jun-17,122.79,123.16,122.02,122.45,9039175
6-Jun-17,123.09,123.31,122.77,123.10,10798527
5-Jun-17,121.91,121.94,121.58,121.73,3979162
2-Jun-17,121.31,121.71,121.19,121.61,7268054
1-Jun-17,120.17,120.74,120.06,120.72,8702543
31-May-17,120.31,121.23,120.26,120.62,10360724
30-May-17,120.24,120.33,119.95,120.14,4507493
26-May-17,120.49,120.79,120.33,120.54,6791648
25-May-17,119.52,119.70,119.29,119.48,4105092
24-May-17,119.07,119.74,118.92,119.61,7064911
23-May-17,120.13,120.19,118.98,119.14,8305434
22-May-17,119.63,120.14,119.58,119.90,5132485
19-May-17,119.39,119.54,118.88,119.40,6787254
18-May-17,119.77,119.84,118.56,118.81,10341141
17-May-17,119.36,120.02,119.27,119.79,13936876
16-May-17,117.45,117.91,117.40,117.65,4942822
15-May-17,117.52,117.54,116.99,117.14,5019589
12-May-17,117.07,117.16,116.73,116.83,5434477
11-May-17,116.21,116.84,116.18,116.50,6274368
10-May-17,116.42,116.50,115.86,116.04,4290459
9-May-17,116.18,116.24,115.56,116.05,6801280
8-May-17,117.03,117.14,116.68,116.75,5438375
5-May-17,116.86,117.07,116.68,117.01,7127199
4-May-17,116.81,117.28,116.63,116.79,12406931
3-May-17,119.18,119.34,117.92,117.98,10811052
2-May-17,119.30,119.65,119.24,119.65,4900784
1-May-17,120.21,120.75,119.35,119.67,9331809
28-Apr-17,120.34,120.77,120.27,120.77,9134246
27-Apr-17,120.42,120.60,119.97,120.39,8266954
26-Apr-17,120.21,120.96,119.87,120.84,9758844
25-Apr-17,120.53,120.87,120.05,120.25,10344784
24-Apr-17,120.77,121.51,120.66,121.48,11053559
21-Apr-17,122.14,122.61,121.73,122.31,15608031
20-Apr-17,121.82,122.17,121.50,121.96,11787330
19-Apr-17,122.25,122.26,121.28,121.73,8472702
18-Apr-17,122.43,123.03,121.73,122.82,10903701
17-Apr-17,122.55,123.07,121.99,122.24,8469580
13-Apr-17,122.54,122.65,122.03,122.60,9892641
12-Apr-17,121.38,122.22,121.14,122.02,9502540
11-Apr-17,120.33,121.40,120.29,121.19,12455294
10-Apr-17,119.04,119.69,118.85,119.46,4623673
7-Apr-17,120.30,120.67,119.14,119.46,12351114
6-Apr-17,119.22,119.42,118.98,119.18,4633470
5-Apr-17,118.62,119.63,118.40,119.62,8105952
4-Apr-17,119.59,119.77,119.38,119.62,4687301
3-Apr-17,118.69,119.37,118.67,119.35,6105704
31-Mar-17,118.61,119.08,118.46,118.72,8520847
30-Mar-17,118.77,119.12,118.32,118.47,6894572
29-Mar-17,119.22,119.45,119.05,119.33,4911042
28-Mar-17,119.74,119.83,118.78,119.04,7112787
27-Mar-17,119.93,120.08,119.27,119.53,8519573
24-Mar-17,118.50,119.21,118.39,118.86,6879634
23-Mar-17,119.15,119.25,118.32,118.67,6201129
22-Mar-17,118.87,119.15,118.68,118.83,7287350
21-Mar-17,117.77,118.80,117.76,118.54,9567932
20-Mar-17,117.31,117.60,117.20,117.56,4000202
17-Mar-17,117.04,117.27,116.91,116.99,4683039
16-Mar-17,117.27,117.29,116.69,116.73,9322018
15-Mar-17,114.29,116.25,114.02,116.25,13524082
14-Mar-17,114.54,115.01,114.02,114.12,5301810
13-Mar-17,114.63,114.91,114.50,114.74,5807391
10-Mar-17,114.45,114.73,114.13,114.72,7929500
9-Mar-17,114.78,115.02,114.40,114.47,6410916
8-Mar-17,114.99,115.36,114.94,115.06,7620924
7-Mar-17,116.13,116.25,115.62,115.78,6846277
6-Mar-17,117.35,117.35,116.63,116.72,4883547
3-Mar-17,116.95,117.73,116.44,117.51,10665818
2-Mar-17,117.76,118.34,117.22,117.58,10986262
1-Mar-17,117.98,119.12,117.95,119.06,8679637
28-Feb-17,119.70,119.84,118.82,119.23,8727832
27-Feb-17,119.73,120.40,119.12,119.12,9263499
24-Feb-17,119.74,119.88,119.25,119.70,9808957
23-Feb-17,118.76,119.16,118.68,118.94,7523304
22-Feb-17,117.86,118.02,117.24,117.91,6057179
21-Feb-17,117.04,118.00,116.77,117.75,6166875
17-Feb-17,118.19,118.40,117.62,117.68,7338065
16-Feb-17,117.93,118.35,117.83,118.08,6378650
15-Feb-17,116.33,117.48,116.25,117.45,7088419
14-Feb-17,117.51,117.56,116.38,116.93,6927842
13-Feb-17,116.73,116.95,116.15,116.80,7354924
10-Feb-17,116.68,117.86,116.67,117.60,9072146
9-Feb-17,118.32,118.58,117.20,117.29,8177210
8-Feb-17,118.09,118.59,117.81,118.19,9633443
7-Feb-17,117.31,117.74,117.20,117.46,8621039
6-Feb-17,117.07,117.74,116.74,117.70,8547843
3-Feb-17,115.73,116.36,115.71,116.13,9455464
2-Feb-17,116.26,116.57,115.62,115.84,7189461
1-Feb-17,114.66,115.45,114.14,115.20,6932889
31-Jan-17,115.27,115.82,115.18,115.55,10421882
30-Jan-17,113.61,114.30,113.54,113.97,7687782
27-Jan-17,112.93,113.54,112.81,113.49,6706570
26-Jan-17,113.24,113.50,112.83,113.26,5390463
25-Jan-17,114.14,114.44,113.68,114.32,6697523
24-Jan-17,115.69,116.02,114.94,115.27,5798840
23-Jan-17,115.51,116.17,115.20,115.79,6373102
20-Jan-17,114.65,115.76,114.32,115.05,12261510
19-Jan-17,114.32,114.96,113.94,114.77,6437008
18-Jan-17,115.74,115.92,114.56,114.87,6498109
17-Jan-17,115.89,115.96,115.50,115.85,9142370
13-Jan-17,113.65,114.31,113.19,114.21,7261454
12-Jan-17,114.52,114.93,113.80,113.91,8457319
11-Jan-17,112.87,114.19,112.17,113.50,9918689
10-Jan-17,112.94,113.45,112.64,113.15,6093404
9-Jan-17,112.39,113.04,112.18,112.67,5674636
6-Jan-17,111.81,112.38,111.57,111.75,7686070
5-Jan-17,112.16,112.94,112.07,112.58,9606761
4-Jan-17,111.06,111.22,110.61,110.86,4904119
3-Jan-17,109.62,111.00,109.37,110.47,7527353
30-Dec-16,110.38,110.62,109.53,109.61,8873725
29-Dec-16,109.23,110.53,109.16,110.29,7563896
28-Dec-16,108.40,108.91,108.29,108.86,5091228
27-Dec-16,108.61,108.67,108.24,108.56,3685504
23-Dec-16,107.84,108.25,107.80,107.93,5012242
22-Dec-16,107.68,108.10,107.49,107.59,4942759
21-Dec-16,108.25,108.31,107.68,107.85,5188680
20-Dec-16,107.47,108.00,107.29,107.79,7321100
19-Dec-16,108.60,108.88,108.34,108.59,5339066
16-Dec-16,107.95,108.78,107.48,108.05,10602807
15-Dec-16,107.85,107.99,107.00,107.34,14427539
14-Dec-16,110.95,110.98,108.52,108.83,12933647
13-Dec-16,110.57,110.79,110.06,110.45,7961600
12-Dec-16,110.59,111.11,110.27,110.82,6156717
9-Dec-16,111.18,111.25,110.19,110.40,10507697
8-Dec-16,111.72,111.87,111.46,111.57,5977792
7-Dec-16,112.13,112.50,111.77,111.83,4901840
6-Dec-16,111.69,112.03,111.19,111.43,5533689
5-Dec-16,111.15,112.11,110.31,111.54,10187891
2-Dec-16,111.89,112.32,111.78,112.14,7416468
1-Dec-16,111.11,111.99,110.63,111.54,10236970
30-Nov-16,112.69,112.79,111.50,111.75,10925538
29-Nov-16,112.76,113.48,112.69,113.27,7438616
28-Nov-16,113.23,113.84,112.77,113.80,5655402
25-Nov-16,113.42,113.51,112.35,112.61,5345889
23-Nov-16,113.87,113.88,112.65,113.25,20982117
22-Nov-16,115.72,115.79,114.98,115.54,6391928
21-Nov-16,115.72,115.94,115.29,115.58,6654155
18-Nov-16,115.52,115.77,114.96,115.15,10444285
17-Nov-16,116.91,117.22,115.44,116.17,10324091
16-Nov-16,117.27,117.27,116.58,116.77,5486129
15-Nov-16,116.46,117.24,116.29,117.12,9348572
14-Nov-16,116.12,117.14,115.49,116.11,20729377
11-Nov-16,119.65,119.69,116.23,117.10,20381828
10-Nov-16,121.52,121.54,119.38,119.75,22267962
9-Nov-16,124.30,124.35,121.10,121.56,18236450
8-Nov-16,122.12,123.09,121.36,121.64,9480647
7-Nov-16,122.66,122.71,121.88,122.15,10014986
4-Nov-16,124.40,124.54,124.04,124.39,8594613
3-Nov-16,123.36,124.33,123.35,124.30,10093107
2-Nov-16,123.76,124.76,123.56,123.64,15692420
1-Nov-16,122.80,123.21,122.57,122.73,13384307
31-Oct-16,121.51,122.00,121.23,121.94,7722055
28-Oct-16,121.20,122.48,120.81,121.58,11639887
27-Oct-16,121.11,121.18,120.75,121.01,4335994
26-Oct-16,121.37,121.53,120.61,120.79,3905914
25-Oct-16,120.89,121.76,120.86,121.47,6141110
24-Oct-16,121.28,121.30,120.16,120.56,5481119
21-Oct-16,120.90,120.92,120.55,120.83,6707783
20-Oct-16,121.39,121.59,120.63,120.74,6496724
19-Oct-16,121.13,121.46,120.89,121.11,6019772
18-Oct-16,120.08,120.64,119.82,120.42,4919730
17-Oct-16,119.70,119.92,119.58,119.68,4777878
14-Oct-16,119.37,120.16,119.29,119.36,6577309
13-Oct-16,120.00,120.42,119.80,120.03,7184647
12-Oct-16,119.72,120.07,119.29,119.74,4848622
11-Oct-16,119.92,120.16,119.53,119.55,6065330
10-Oct-16,120.16,120.42,119.92,120.16,4514368
7-Oct-16,120.49,120.58,118.42,119.74,17907270
6-Oct-16,119.69,119.98,119.24,119.66,17917672
5-Oct-16,121.33,121.59,120.40,120.78,14718120
4-Oct-16,123.16,123.18,120.86,120.97,24372722
3-Oct-16,125.32,125.46,124.90,125.32,9044105
30-Sep-16,126.52,126.55,125.24,125.64,11204261
29-Sep-16,125.84,126.34,125.54,126.07,7448407
28-Sep-16,126.25,126.40,125.73,126.22,6757652
27-Sep-16,126.86,126.90,126.34,126.62,6220662
26-Sep-16,127.96,128.04,127.42,127.55,5842740
23-Sep-16,127.60,127.86,127.43,127.65,7702291
22-Sep-16,127.57,128.20,127.50,127.57,15188007
21-Sep-16,126.33,127.42,125.96,127.27,13646448
20-Sep-16,125.31,125.59,125.17,125.44,5672021
19-Sep-16,125.61,125.62,125.25,125.32,4959637
16-Sep-16,124.81,125.24,124.67,125.06,18995065
15-Sep-16,125.73,126.10,124.91,125.37,12978856
14-Sep-16,126.10,126.54,126.03,126.18,5820694
13-Sep-16,126.47,126.60,125.53,125.75,8866372
12-Sep-16,126.31,126.92,125.97,126.59,11140336
9-Sep-16,127.24,127.51,126.70,126.75,12485597
8-Sep-16,128.16,128.52,127.40,127.59,10561791
7-Sep-16,128.79,128.86,128.12,128.27,8859847
6-Sep-16,127.40,129.08,127.27,128.71,15115279
2-Sep-16,126.29,126.57,125.58,126.57,11278200
1-Sep-16,124.67,125.51,124.55,125.29,12877745
31-Aug-16,124.73,125.11,124.64,124.78,13324105
30-Aug-16,125.73,125.95,124.88,125.03,9877044
29-Aug-16,126.00,126.48,125.93,126.30,5562409
26-Aug-16,126.88,128.11,125.82,126.05,17967738
25-Aug-16,125.98,126.31,125.96,126.23,5926294
24-Aug-16,126.92,126.97,126.30,126.34,13539655
23-Aug-16,128.14,128.22,127.61,127.76,9038482
22-Aug-16,127.63,127.92,127.45,127.78,8627222
19-Aug-16,128.08,128.67,127.86,127.97,10660119
18-Aug-16,128.89,129.17,128.58,129.11,9500636
17-Aug-16,128.17,128.99,127.46,128.50,12034752
16-Aug-16,128.12,129.04,128.00,128.47,8678143
15-Aug-16,127.62,128.25,127.60,127.84,4530841
12-Aug-16,129.12,129.26,127.20,127.40,15395846
11-Aug-16,128.61,129.19,127.48,127.67,9763821
10-Aug-16,129.12,129.20,128.15,128.56,6196202
9-Aug-16,127.94,128.14,127.75,127.96,7500421
8-Aug-16,127.29,127.70,127.27,127.44,6773804
5-Aug-16,128.46,128.55,127.39,127.55,16205122
4-Aug-16,130.01,130.28,129.82,129.87,4908131
3-Aug-16,129.95,129.96,129.27,129.65,5010703
2-Aug-16,130.04,130.55,129.94,130.27,7652767
1-Aug-16,128.57,129.34,128.56,129.22,7109898
29-Jul-16,128.42,129.41,127.88,128.98,13708194
28-Jul-16,128.09,128.20,127.20,127.66,9261756
27-Jul-16,126.79,128.12,126.04,128.03,17066363
26-Jul-16,126.09,126.14,125.74,126.00,7613155
25-Jul-16,125.53,126.21,125.11,125.47,13139408
22-Jul-16,126.43,126.52,126.01,126.35,7716032
21-Jul-16,125.66,127.37,125.60,127.30,9399212
20-Jul-16,125.50,126.12,125.31,125.39,11777708
19-Jul-16,126.95,127.35,126.82,127.21,5170665
18-Jul-16,127.02,127.50,126.63,127.04,8489677
15-Jul-16,126.38,127.19,126.33,126.84,13892073
14-Jul-16,126.31,127.37,126.03,127.33,12132423
13-Jul-16,128.00,128.43,127.61,128.32,7377686
12-Jul-16,128.52,128.54,126.99,127.15,26459620
11-Jul-16,129.49,129.90,129.16,129.29,10855630
8-Jul-16,129.85,130.52,128.97,130.52,17634218
7-Jul-16,129.82,130.12,128.98,129.74,16508526
6-Jul-16,130.50,131.15,129.82,130.23,17376671
5-Jul-16,128.80,129.59,128.17,129.47,19026247
1-Jul-16,127.66,128.42,127.44,128.41,14940706
30-Jun-16,125.95,126.52,125.50,126.47,15981577
29-Jun-16,125.91,126.81,125.70,125.84,12218444
28-Jun-16,125.56,126.02,125.06,125.32,16001451
27-Jun-16,126.44,127.05,125.83,126.68,21400484
24-Jun-16,126.62,126.82,125.00,126.01,35782892
23-Jun-16,120.49,121.03,120.06,120.11,10704904
22-Jun-16,120.83,121.25,120.68,120.90,7861000
21-Jun-16,121.65,121.86,120.77,120.84,14585633
20-Jun-16,122.26,123.33,122.13,123.21,11866200
17-Jun-16,123.26,124.10,122.69,123.95,15573825
16-Jun-16,125.17,125.67,122.23,122.38,26635004
15-Jun-16,122.52,123.87,122.38,123.68,15053005
14-Jun-16,123.00,123.06,122.30,122.77,11651694
13-Jun-16,122.80,122.83,122.03,122.64,12594223
10-Jun-16,121.55,122.10,121.18,121.74,13939966
9-Jun-16,120.61,121.48,120.55,121.25,12173954
8-Jun-16,120.30,120.78,120.23,120.58,11661736
7-Jun-16,118.50,119.02,118.41,118.82,4602865
6-Jun-16,118.89,119.17,118.46,118.92,9887863
3-Jun-16,118.25,118.89,118.23,118.88,14605056
2-Jun-16,115.78,115.97,115.58,115.67,4591562
1-Jun-16,115.97,116.14,115.20,115.94,8399598
31-May-16,115.76,116.40,115.50,116.06,8187605
27-May-16,116.27,116.36,115.29,115.62,8677991
26-May-16,117.57,117.63,116.39,116.58,5886269
25-May-16,116.59,117.06,116.32,116.98,10487597
24-May-16,118.17,118.23,117.25,117.30,12697313
23-May-16,118.86,119.60,118.75,119.37,8601563
20-May-16,120.19,120.32,119.31,119.71,10371500
19-May-16,119.00,119.98,118.92,119.87,13604777
18-May-16,121.22,121.92,119.88,120.10,13368732
17-May-16,121.58,122.52,121.48,122.22,8578494
16-May-16,122.93,122.97,121.38,121.80,7069755
13-May-16,121.09,121.86,120.66,121.71,7664769
12-May-16,122.02,122.39,121.00,121.16,7435863
11-May-16,121.85,122.16,121.38,122.12,7571323
10-May-16,120.74,121.38,120.08,120.98,9128616
9-May-16,121.20,121.28,120.59,120.65,9197684
6-May-16,122.83,123.80,122.59,123.18,11305739
5-May-16,122.63,122.73,121.25,122.07,8826999
4-May-16,122.85,123.23,121.51,122.21,9348660
3-May-16,123.73,123.82,122.51,122.96,9051137
2-May-16,123.78,123.96,123.04,123.24,12121320
29-Apr-16,122.43,123.93,122.34,123.65,18687599
28-Apr-16,119.92,121.42,119.73,121.29,15044339
27-Apr-16,118.97,119.70,118.43,119.04,7965623
26-Apr-16,118.79,118.89,118.45,118.70,9881728
25-Apr-16,118.14,118.71,118.11,118.23,4362444
22-Apr-16,118.71,119.02,117.28,117.89,9984027
21-Apr-16,120.42,120.55,119.13,119.43,14591985
20-Apr-16,119.67,120.08,118.72,118.97,10089103
19-Apr-16,119.87,120.09,119.37,119.58,20470789
18-Apr-16,118.53,118.56,117.63,117.74,5798758
15-Apr-16,117.33,118.12,117.19,117.92,7751089
14-Apr-16,118.09,118.19,116.95,117.11,13151278
13-Apr-16,119.37,119.43,118.56,118.77,8288382
12-Apr-16,120.23,120.34,119.55,120.05,9618828
11-Apr-16,119.47,120.30,119.42,120.03,9828584
8-Apr-16,118.07,118.77,117.98,118.43,9037877
7-Apr-16,118.65,118.85,115.00,118.61,11807487
6-Apr-16,116.70,117.38,116.26,116.94,7430116
5-Apr-16,117.76,117.93,117.15,117.66,8855628
4-Apr-16,116.67,116.73,116.07,116.15,7272321
1-Apr-16,116.08,116.98,115.55,116.93,10393016
31-Mar-16,118.16,118.39,117.60,117.64,9304476
30-Mar-16,117.88,118.20,116.91,117.10,10644748
29-Mar-16,117.36,118.81,116.80,118.76,14206307
28-Mar-16,116.73,116.91,116.27,116.60,3736430
24-Mar-16,116.77,116.94,116.30,116.33,6237227
23-Mar-16,116.74,117.12,116.16,116.61,15971287
22-Mar-16,119.73,120.16,118.96,119.31,6448321
21-Mar-16,119.00,119.33,118.73,118.96,7238678
18-Mar-16,119.59,120.34,119.51,119.80,9451872
17-Mar-16,121.16,121.18,120.03,120.13,9716706
16-Mar-16,117.42,120.76,117.34,120.59,17304837
15-Mar-16,117.78,118.04,117.36,117.96,9941816
14-Mar-16,120.27,120.31,117.50,117.87,14181810
11-Mar-16,121.19,121.38,119.36,119.41,10285807
10-Mar-16,120.50,121.76,120.42,121.50,18092635
9-Mar-16,119.20,120.39,118.84,119.58,8535774
8-Mar-16,121.79,121.88,120.47,120.58,11519401
7-Mar-16,121.18,121.58,120.41,121.14,9346336
4-Mar-16,121.13,122.37,120.22,120.54,16253961
3-Mar-16,118.86,121.30,118.81,120.73,18670831
2-Mar-16,118.34,118.97,118.07,118.68,8632239
1-Mar-16,118.74,119.11,117.34,117.77,14129531
29-Feb-16,117.59,118.70,117.53,118.64,11480531
26-Feb-16,117.43,117.72,115.86,117.11,12493830
25-Feb-16,117.62,118.91,117.54,117.92,12463602
24-Feb-16,119.00,119.86,117.35,117.61,17754973
23-Feb-16,116.68,117.42,116.52,117.22,9012567
22-Feb-16,115.44,116.19,115.41,115.49,9916675
19-Feb-16,117.26,117.96,117.10,117.58,14888135
18-Feb-16,115.30,118.60,115.29,118.29,13430086
17-Feb-16,115.47,116.07,114.89,115.48,10578173
16-Feb-16,116.00,116.31,114.74,114.77,14482200
12-Feb-16,118.12,118.74,117.88,118.36,16962344
11-Feb-16,118.59,120.84,117.77,119.06,48811875
10-Feb-16,113.92,114.52,112.98,114.46,13239875
9-Feb-16,114.43,114.69,113.55,113.58,18053031
8-Feb-16,113.67,114.87,113.39,113.83,27072692
5-Feb-16,109.79,112.35,109.58,112.32,14421700
4-Feb-16,110.45,110.70,109.92,110.57,13204016
3-Feb-16,107.91,109.58,107.90,109.25,15678540
2-Feb-16,107.92,108.18,107.35,108.09,6651733
1-Feb-16,107.54,108.15,107.53,108.05,10076082
29-Jan-16,106.61,107.00,106.26,106.95,8084942
28-Jan-16,106.55,106.86,106.48,106.54,5912367
27-Jan-16,106.86,107.93,106.65,107.69,7571641
26-Jan-16,106.32,107.43,106.26,107.29,8436866
25-Jan-16,105.76,106.09,105.60,106.08,6809104
22-Jan-16,104.93,105.51,104.76,105.00,4170785
21-Jan-16,104.99,105.49,104.52,105.49,5424168
20-Jan-16,105.17,106.16,104.94,105.37,10099914
19-Jan-16,104.06,104.45,103.65,103.98,4587773
15-Jan-16,104.92,104.96,103.96,104.08,10042922
14-Jan-16,103.75,104.18,102.50,103.02,9988880
13-Jan-16,103.89,104.82,103.78,104.72,6820813
12-Jan-16,104.09,104.59,103.65,104.21,5540231
11-Jan-16,105.47,105.57,104.71,104.74,6272359
8-Jan-16,105.48,105.80,105.04,105.68,7678153
7-Jan-16,105.83,106.24,105.19,106.15,11730376
6-Jan-16,104.37,104.80,103.93,104.67,9316599
5-Jan-16,103.13,103.46,102.93,103.18,3500272
4-Jan-16,103.13,103.67,102.48,102.89,6319555
31-Dec-15,101.48,101.72,101.31,101.46,3823564
30-Dec-15,101.47,101.60,101.34,101.42,3744959
29-Dec-15,102.52,102.58,102.11,102.20,2832238
28-Dec-15,102.48,102.60,102.03,102.27,3356190
24-Dec-15,102.82,103.05,102.77,103.05,1710153
23-Dec-15,102.40,102.59,102.21,102.31,2821380
22-Dec-15,103.09,103.20,102.56,102.61,4123512
21-Dec-15,102.95,103.52,102.83,103.15,6378892
18-Dec-15,101.35,102.53,101.30,102.04,8345864
17-Dec-15,100.92,100.99,100.23,100.50,10156223
16-Dec-15,102.59,103.20,101.66,102.75,8292194
15-Dec-15,101.71,102.06,101.41,101.52,6831064
14-Dec-15,102.58,102.72,101.74,101.79,5536914
11-Dec-15,101.91,103.32,101.85,103.11,6798411
10-Dec-15,102.51,102.82,102.34,102.55,3853545
9-Dec-15,103.63,103.66,102.32,102.64,6026283
8-Dec-15,103.13,103.26,102.53,102.84,3412291
7-Dec-15,103.32,103.37,102.50,102.67,4393461
4-Dec-15,102.74,104.21,102.65,104.02,10670249
3-Dec-15,101.23,101.97,100.84,101.76,6499935
2-Dec-15,101.35,101.35,100.53,100.69,10205253
1-Dec-15,102.30,102.43,101.81,102.28,4644136
30-Nov-15,101.53,102.38,101.52,101.92,6380688
27-Nov-15,101.01,101.62,100.99,101.25,4992078
25-Nov-15,102.47,102.69,102.21,102.46,2931291
24-Nov-15,103.12,103.25,102.69,102.94,3479351
23-Nov-15,102.48,102.75,102.16,102.26,4040696
20-Nov-15,103.58,103.66,102.97,103.09,5780943
19-Nov-15,103.07,104.09,103.07,103.56,4853529
18-Nov-15,102.39,102.95,102.04,102.43,5038480
17-Nov-15,103.38,103.40,101.98,102.34,8591823
16-Nov-15,103.98,104.03,103.52,103.71,2949509
13-Nov-15,103.54,103.74,103.45,103.56,3177545
12-Nov-15,103.09,104.32,103.04,103.85,6297410
11-Nov-15,104.09,104.23,103.78,103.83,3311432
10-Nov-15,104.09,104.65,103.87,104.18,4427915
9-Nov-15,104.29,104.58,104.19,104.40,3890462
6-Nov-15,104.17,104.42,104.02,104.10,8822009
5-Nov-15,106.01,106.10,105.58,105.64,5924922
4-Nov-15,107.02,107.09,105.92,105.97,7396518
3-Nov-15,107.79,107.81,106.68,106.98,7087371
2-Nov-15,108.64,108.84,108.46,108.59,5833868
30-Oct-15,109.50,109.58,109.06,109.30,5540578
29-Oct-15,110.23,110.60,109.66,109.72,5148315
28-Oct-15,112.68,113.25,110.31,110.78,8128546
27-Oct-15,111.31,111.81,111.29,111.68,2644025
26-Oct-15,111.73,111.98,111.33,111.43,2570712
23-Oct-15,111.81,111.84,110.96,111.50,4743030
22-Oct-15,111.52,112.21,111.43,111.69,3432065
21-Oct-15,112.37,112.37,111.41,111.73,3890732
20-Oct-15,112.38,113.09,112.38,112.73,4890565
19-Oct-15,112.64,112.69,111.89,112.02,3936314
16-Oct-15,113.24,113.44,112.43,112.49,6678560
15-Oct-15,113.20,113.99,112.94,113.31,13734146
14-Oct-15,112.63,113.95,112.30,113.81,9683388
13-Oct-15,111.36,111.87,111.28,111.86,4776688
12-Oct-15,111.67,111.73,111.01,111.31,5615037
9-Oct-15,110.54,111.05,110.23,110.87,6886452
8-Oct-15,109.16,110.27,109.06,109.14,4997821
7-Oct-15,109.75,110.14,109.34,109.70,5355239
6-Oct-15,109.80,110.26,109.63,109.86,7464661
5-Oct-15,109.14,109.38,108.46,108.77,5489027
2-Oct-15,108.54,109.32,108.54,108.99,7715321
1-Oct-15,106.98,107.21,106.63,106.73,4232628
30-Sep-15,106.78,107.08,106.47,106.86,7247913
29-Sep-15,108.24,108.69,107.88,107.98,3989148
28-Sep-15,108.37,108.91,108.27,108.42,3797090
25-Sep-15,109.87,110.03,109.55,109.81,4987797
24-Sep-15,109.67,110.82,109.63,110.49,9150787
23-Sep-15,108.54,108.64,108.20,108.22,2730372
22-Sep-15,107.58,107.96,107.44,107.79,5478097
21-Sep-15,108.49,108.66,108.33,108.53,4073643
18-Sep-15,109.10,109.38,108.82,109.21,6776306
17-Sep-15,107.07,108.58,106.96,108.41,6817146
16-Sep-15,106.60,107.71,106.56,107.31,5243361
15-Sep-15,105.83,106.06,105.68,105.90,2897582
14-Sep-15,105.86,106.39,105.78,106.22,2349608
11-Sep-15,105.65,106.20,105.27,106.16,4023312
10-Sep-15,106.61,106.70,106.18,106.38,5410432
9-Sep-15,106.64,106.71,105.48,106.13,8835660
8-Sep-15,107.60,107.94,107.31,107.52,5829059
4-Sep-15,107.14,107.56,107.07,107.49,4020398
3-Sep-15,107.77,108.32,107.56,107.84,3842965
2-Sep-15,109.01,109.34,108.46,108.62,4097891
1-Sep-15,109.63,109.77,108.94,109.20,7068364
31-Aug-15,108.19,108.92,108.03,108.82,4258540
28-Aug-15,108.17,109.30,108.12,108.70,7515493
27-Aug-15,107.33,108.04,107.11,107.73,8065122
26-Aug-15,107.72,108.06,107.08,107.67,10720637
25-Aug-15,110.01,110.05,108.72,109.16,9158491
24-Aug-15,111.54,112.12,109.77,110.53,18045519
21-Aug-15,110.93,111.33,110.12,111.13,13853508
20-Aug-15,109.81,110.61,109.70,110.44,12474567
19-Aug-15,107.63,108.67,107.63,108.55,7035087
18-Aug-15,106.67,107.33,106.31,107.11,4121839
17-Aug-15,107.37,107.51,107.00,107.13,5769080
14-Aug-15,107.07,107.41,106.54,106.85,3509238
13-Aug-15,106.95,107.18,106.71,106.86,4761682
12-Aug-15,106.99,107.91,106.93,107.75,10022547
11-Aug-15,106.49,106.63,105.77,106.26,4060892
10-Aug-15,105.03,106.27,104.92,105.72,5892602
7-Aug-15,104.56,105.38,104.55,104.65,4400915
6-Aug-15,104.15,104.86,104.14,104.39,3908124
5-Aug-15,104.42,104.50,103.78,103.93,5041015
4-Aug-15,104.56,104.75,103.95,104.31,3241016
3-Aug-15,104.59,104.82,104.05,104.10,3528596
31-Jul-15,105.41,105.75,104.69,104.93,6689175
30-Jul-15,104.03,104.97,103.86,104.27,6651960
29-Jul-15,104.93,105.63,104.49,105.17,5616909
28-Jul-15,105.09,105.33,104.83,105.02,5549222
27-Jul-15,104.94,105.68,104.66,104.86,10690142
24-Jul-15,103.61,105.59,103.43,105.35,11572679
23-Jul-15,104.98,105.30,104.20,104.33,5779289
22-Jul-15,104.39,105.09,104.18,104.80,8349201
21-Jul-15,105.81,106.32,105.25,105.37,10519791
20-Jul-15,106.60,106.65,105.62,105.70,15751735
17-Jul-15,109.11,109.16,108.40,108.65,14858273
16-Jul-15,109.67,110.01,109.60,109.76,4629683
15-Jul-15,110.00,110.19,109.58,110.16,9286201
14-Jul-15,111.00,111.08,110.63,110.74,2600955
13-Jul-15,110.43,111.14,110.36,110.99,4279310
10-Jul-15,111.18,111.71,111.03,111.49,3594918
9-Jul-15,111.80,111.93,111.15,111.36,3802857
8-Jul-15,111.38,111.65,111.08,111.09,5694941
7-Jul-15,111.08,111.14,110.05,110.76,9073403
6-Jul-15,111.71,112.58,111.63,112.06,4259775
2-Jul-15,111.66,111.84,111.41,111.76,3838553
1-Jul-15,112.12,112.51,111.94,111.98,4409026
30-Jun-15,112.24,113.05,111.84,112.37,7897042
29-Jun-15,112.81,113.23,112.53,113.07,5820226
26-Jun-15,112.20,112.68,112.13,112.56,4392589
25-Jun-15,112.43,112.71,112.32,112.44,2904711
24-Jun-15,112.48,112.74,112.31,112.59,2975539
23-Jun-15,112.96,113.17,112.79,112.89,4522797
22-Jun-15,113.79,113.94,113.34,113.64,5763662
19-Jun-15,115.34,115.46,114.95,115.12,4611647
18-Jun-15,115.19,115.61,114.89,115.32,8041255
17-Jun-15,113.07,114.04,112.63,113.85,6455983
16-Jun-15,113.08,113.45,112.79,113.32,4033268
15-Jun-15,113.28,114.15,113.21,113.73,5055086
12-Jun-15,113.06,113.50,112.96,113.23,2998483
11-Jun-15,113.27,113.41,112.92,113.26,4434731
10-Jun-15,114.14,114.14,113.69,113.78,5452863
9-Jun-15,113.15,113.23,112.71,112.82,3529924
8-Jun-15,112.39,112.66,112.13,112.57,3122078
5-Jun-15,111.60,112.39,111.57,112.24,5561283
4-Jun-15,112.98,113.15,112.48,112.84,5566618
3-Jun-15,114.13,114.37,113.08,113.64,4886054
2-Jun-15,114.36,114.64,114.17,114.46,3988639
1-Jun-15,115.02,115.50,113.90,114.00,8254034
29-May-15,114.14,114.48,114.00,114.10,3407489
28-May-15,113.85,114.16,113.21,114.02,5266016
27-May-15,113.78,114.01,113.63,113.89,2681069
26-May-15,113.84,114.23,113.70,113.91,5769580
22-May-15,115.51,115.93,115.32,115.60,1780191
21-May-15,115.53,116.00,115.47,115.69,2514693
20-May-15,116.03,116.38,115.76,116.08,4432556
19-May-15,116.55,116.73,115.65,115.89,5052147
18-May-15,117.78,117.88,117.27,117.52,5079850
15-May-15,116.80,117.63,116.68,117.53,4447333
14-May-15,117.28,117.75,117.03,117.18,6923017
13-May-15,115.74,116.93,115.68,116.55,11768224
12-May-15,114.10,114.67,114.06,114.50,3256715
11-May-15,114.09,114.31,113.08,113.53,2916745
8-May-15,114.34,114.43,113.59,113.97,9964072
7-May-15,113.84,114.01,113.32,113.42,5455090
6-May-15,114.59,114.75,114.02,114.36,3280733
5-May-15,114.89,115.11,114.39,114.42,3856520
4-May-15,114.18,114.44,113.88,114.10,3648052
1-May-15,112.42,113.31,112.28,113.08,7597006
30-Apr-15,113.88,113.88,112.96,113.47,9440253
29-Apr-15,116.06,116.39,115.28,115.51,7170477
28-Apr-15,115.36,116.62,115.34,116.33,8054361
27-Apr-15,113.87,115.82,113.67,115.33,7487557
24-Apr-15,113.96,114.07,112.77,113.05,7152913
23-Apr-15,113.90,114.96,113.81,114.66,3459495
22-Apr-15,114.83,114.96,113.77,113.83,5695960
21-Apr-15,114.72,115.56,114.65,115.38,3317715
20-Apr-15,114.82,114.95,114.32,114.72,3932756
17-Apr-15,115.38,115.79,115.23,115.60,3496313
16-Apr-15,115.55,115.66,114.64,115.03,3132336
15-Apr-15,114.80,115.60,114.47,115.43,3655950
14-Apr-15,114.69,115.07,114.39,114.44,3651459
13-Apr-15,115.35,115.39,114.80,115.14,3190149
10-Apr-15,116.00,116.19,115.50,115.97,3932404
9-Apr-15,114.80,114.85,114.48,114.67,4707044
8-Apr-15,115.98,116.03,114.90,115.47,5568527
7-Apr-15,116.27,116.51,115.94,116.11,2468498
6-Apr-15,117.32,117.47,116.52,116.69,5914163
2-Apr-15,115.47,115.72,114.68,115.28,3884072
1-Apr-15,114.56,115.99,114.54,115.60,7324008
31-Mar-15,113.84,114.28,113.41,113.66,4383314
30-Mar-15,113.90,114.01,113.54,113.75,4383858
27-Mar-15,115.14,115.36,114.45,115.06,4921741
26-Mar-15,115.73,115.84,115.34,115.48,5495161
25-Mar-15,115.11,115.14,114.65,114.73,3021437
24-Mar-15,114.35,114.65,113.82,114.57,2979338
23-Mar-15,113.70,114.37,113.49,114.29,4240258
20-Mar-15,112.71,114.00,112.67,113.57,8033444
19-Mar-15,111.85,112.58,111.58,112.29,6537743
18-Mar-15,110.33,112.87,110.09,112.37,12448040
17-Mar-15,109.92,111.35,109.77,110.21,8923264
16-Mar-15,111.09,111.20,110.42,110.81,3265305
13-Mar-15,111.10,111.28,110.51,110.88,4557576
12-Mar-15,111.15,111.20,110.25,110.72,6631459
11-Mar-15,111.23,111.25,110.16,110.75,6550445
10-Mar-15,112.09,112.35,111.22,111.42,7019781
9-Mar-15,112.42,112.62,111.95,111.97,5534011
6-Mar-15,113.17,113.26,111.70,111.86,11190846
5-Mar-15,115.43,116.12,114.84,115.00,5872197
4-Mar-15,115.70,115.79,115.02,115.11,4762403
3-Mar-15,116.04,116.61,115.35,115.47,4738347
2-Mar-15,116.50,116.64,115.62,115.68,7993280
27-Feb-15,116.74,117.07,116.16,116.16,8255636
26-Feb-15,116.54,116.55,115.83,116.07,4025356
25-Feb-15,115.83,115.89,115.33,115.70,5032535
24-Feb-15,115.00,115.55,114.29,115.26,7612919
23-Feb-15,115.11,116.22,115.07,115.43,4812393
20-Feb-15,116.10,116.46,115.05,115.28,6681734
19-Feb-15,116.40,116.54,115.74,115.94,6528724
18-Feb-15,115.99,116.53,114.99,116.34,8336029
17-Feb-15,116.40,116.54,115.58,116.01,7225154
13-Feb-15,118.05,118.58,117.79,117.98,4108870
12-Feb-15,117.68,117.82,117.09,117.34,4344444
11-Feb-15,118.49,118.57,117.00,117.07,6784397
10-Feb-15,118.63,119.06,118.21,118.47,4086321
9-Feb-15,118.83,119.40,118.77,119.17,5237181
6-Feb-15,119.15,119.52,117.95,118.64,13206906
5-Feb-15,120.98,121.83,120.61,121.79,6879945
4-Feb-15,121.63,122.22,120.92,121.58,5386747
3-Feb-15,121.74,121.76,120.56,121.05,8255863
2-Feb-15,121.84,123.16,121.82,122.42,8885189
30-Jan-15,121.30,123.55,120.92,123.45,14555862
29-Jan-15,121.99,122.29,120.26,120.76,11997964
28-Jan-15,123.52,123.89,122.94,123.42,8470574
27-Jan-15,123.56,124.64,123.51,124.40,9584838
26-Jan-15,123.33,123.34,122.52,122.99,6768646
23-Jan-15,124.43,124.50,123.35,124.23,6270911
22-Jan-15,125.07,125.58,124.14,125.23,10518355
21-Jan-15,125.18,125.34,123.37,124.23,11082739
20-Jan-15,123.63,124.60,123.49,124.20,14968636
16-Jan-15,121.73,123.15,121.70,122.52,14428223
15-Jan-15,120.41,121.70,120.34,120.94,17692548
14-Jan-15,119.08,119.32,117.90,117.97,7727403
13-Jan-15,118.96,119.19,117.87,118.16,7693200
12-Jan-15,117.46,118.71,117.32,118.56,8318211
9-Jan-15,116.51,117.34,116.50,117.26,7962886
8-Jan-15,116.45,116.87,115.85,115.94,7033675
7-Jan-15,116.47,116.88,116.17,116.43,6434196
6-Jan-15,116.22,117.50,115.80,117.12,11238313
5-Jan-15,114.78,116.00,114.73,115.80,8177350
2-Jan-15,112.49,114.80,112.32,114.08,7109594
31-Dec-14,114.89,115.00,113.28,113.58,7624198
30-Dec-14,114.99,116.26,114.90,115.20,7987311
29-Dec-14,114.61,114.64,113.23,113.67,12963725
26-Dec-14,114.82,114.98,114.53,114.83,3765581
24-Dec-14,112.83,112.92,112.66,112.77,1501552
23-Dec-14,112.88,113.32,112.61,112.74,7763327
22-Dec-14,114.81,114.97,112.41,112.55,7483195
19-Dec-14,115.06,115.22,114.77,114.77,4652333
18-Dec-14,115.59,115.81,114.58,115.15,5258103
17-Dec-14,115.10,115.48,113.58,114.27,9097329
16-Dec-14,116.28,116.50,114.07,114.95,9173964
15-Dec-14,116.22,116.97,114.36,114.39,8795987
12-Dec-14,117.39,117.80,116.68,117.41,4736535
11-Dec-14,116.98,118.38,116.82,117.69,5214467
10-Dec-14,118.15,118.47,117.81,117.96,4277427
9-Dec-14,117.04,118.99,116.98,118.19,10467158
8-Dec-14,114.97,116.16,114.46,115.78,5224491
5-Dec-14,115.16,115.18,114.24,114.43,6330980
4-Dec-14,116.01,116.34,115.61,115.88,3623615
3-Dec-14,115.68,116.76,115.56,116.33,5758821
2-Dec-14,115.13,115.71,114.72,115.14,6378105
1-Dec-14,113.80,117.36,113.74,116.58,15643964
28-Nov-14,113.53,113.83,111.95,112.11,9616332
26-Nov-14,115.25,115.34,114.98,115.16,3184017
25-Nov-14,115.10,115.47,114.90,115.38,9051813
24-Nov-14,115.15,115.37,114.79,115.11,4695022
21-Nov-14,115.58,115.96,114.47,115.39,6564258
20-Nov-14,114.57,115.02,114.09,114.86,5607779
19-Nov-14,114.93,115.35,112.88,113.68,11997742
18-Nov-14,114.86,115.17,114.55,115.05,5586694
17-Nov-14,113.97,114.27,113.56,114.05,5440990
14-Nov-14,110.76,114.72,110.65,114.47,14173586
13-Nov-14,111.89,112.26,111.22,111.67,4874598
12-Nov-14,112.05,112.17,111.23,111.50,5133300
11-Nov-14,111.08,112.76,110.87,112.04,8603165
10-Nov-14,112.24,112.24,110.28,110.46,8548523
7-Nov-14,110.78,113.15,110.73,112.97,10916540
6-Nov-14,109.92,110.49,109.75,109.88,7019854
5-Nov-14,109.92,110.84,109.67,109.79,13560114
4-Nov-14,112.12,112.71,112.08,112.22,6430111
3-Nov-14,112.39,112.68,112.00,112.15,6605175
31-Oct-14,111.83,112.88,111.66,112.66,18209615
30-Oct-14,115.80,115.83,114.94,115.19,7852239
29-Oct-14,117.65,117.91,116.14,116.41,7900772
28-Oct-14,118.48,118.48,118.01,118.10,3262626
27-Oct-14,118.18,118.37,118.01,118.06,2445376
24-Oct-14,118.62,118.63,118.12,118.35,3611311
23-Oct-14,118.71,118.82,117.88,118.52,6423205
22-Oct-14,119.69,119.79,119.25,119.34,3741487
21-Oct-14,120.27,120.50,119.90,120.02,4568269
20-Oct-14,119.68,119.86,119.54,119.80,3034916
17-Oct-14,119.06,119.23,118.42,118.99,8060834
16-Oct-14,119.02,119.65,118.88,119.22,6550140
15-Oct-14,119.23,120.18,118.59,118.99,9460425
14-Oct-14,118.58,118.82,118.35,118.59,5180665
13-Oct-14,118.14,118.66,117.93,118.52,5397633
10-Oct-14,117.70,117.74,117.19,117.59,4653307
9-Oct-14,117.86,118.26,117.49,117.64,6612637
8-Oct-14,117.03,117.71,115.85,117.47,10675551
7-Oct-14,116.31,116.63,116.09,116.36,5278476
6-Oct-14,115.16,116.31,114.94,116.03,7647060
3-Oct-14,115.17,115.51,114.42,114.61,11304593
2-Oct-14,116.86,117.21,116.33,116.74,6352009
1-Oct-14,116.61,117.26,116.59,116.77,7024201
30-Sep-14,116.54,117.35,115.85,116.21,10174560
29-Sep-14,117.27,117.40,116.90,117.03,4051047
26-Sep-14,117.02,117.10,116.58,117.06,4185425
25-Sep-14,116.30,117.76,116.20,117.39,7640357
24-Sep-14,117.12,117.72,116.90,117.05,5518416
23-Sep-14,117.99,117.99,117.31,117.60,4667327
22-Sep-14,116.72,117.37,116.58,116.85,7602075
19-Sep-14,117.51,117.57,116.72,117.09,10931243
18-Sep-14,117.41,118.09,117.19,117.78,5368874
17-Sep-14,118.95,119.24,117.50,117.54,8328712
16-Sep-14,118.85,119.43,118.44,118.83,6544481
15-Sep-14,118.79,118.86,118.46,118.64,4778579
12-Sep-14,118.63,118.90,118.07,118.38,8129457
11-Sep-14,119.61,119.70,118.77,119.47,7618266
10-Sep-14,120.13,120.54,119.64,120.26,7022579
9-Sep-14,120.57,120.94,120.00,120.87,6157321
8-Sep-14,121.58,121.61,120.37,120.73,7508620
5-Sep-14,121.83,122.06,121.63,122.06,3490704
4-Sep-14,122.48,122.66,121.25,121.48,7310640
3-Sep-14,121.70,122.20,121.66,122.15,3415925
2-Sep-14,121.97,122.08,121.43,121.65,10128581
29-Aug-14,123.75,124.22,123.62,123.86,3684122
28-Aug-14,124.15,124.33,123.81,124.00,3297757
27-Aug-14,123.60,123.71,123.25,123.32,2576944
26-Aug-14,123.92,123.97,123.28,123.35,3891112
25-Aug-14,122.92,123.04,122.72,122.74,5019903
22-Aug-14,123.09,123.33,122.57,123.19,4739968
21-Aug-14,122.72,123.24,122.45,122.88,8010459
20-Aug-14,124.82,124.82,123.88,124.22,4395911
19-Aug-14,125.00,125.00,124.48,124.68,4878772
18-Aug-14,124.78,125.08,124.65,124.96,4953347
15-Aug-14,124.52,126.07,124.41,125.48,13071958
14-Aug-14,126.24,126.53,126.13,126.31,3348451
13-Aug-14,126.35,126.53,125.90,126.20,3969676
12-Aug-14,126.42,126.81,125.87,125.99,4613407
11-Aug-14,125.84,126.04,125.64,125.96,3165498
8-Aug-14,126.08,126.41,125.89,126.19,5729316
7-Aug-14,125.47,126.51,125.37,126.18,7298926
6-Aug-14,125.71,126.00,125.52,125.67,9327849
5-Aug-14,123.74,124.52,123.40,123.87,8342542
4-Aug-14,124.36,124.47,123.73,123.99,6500560
1-Aug-14,124.54,124.81,124.23,124.38,7397317
31-Jul-14,123.85,124.07,123.23,123.39,9898582
30-Jul-14,124.89,124.93,124.41,124.83,5622346
29-Jul-14,125.79,125.88,124.72,125.20,5270794
28-Jul-14,125.44,125.67,125.30,125.58,3213705
25-Jul-14,124.48,125.93,124.43,125.79,5644498
24-Jul-14,124.85,124.87,123.90,124.35,8118607
23-Jul-14,125.72,126.04,125.40,125.62,3045018
22-Jul-14,126.33,126.43,125.47,125.74,3887606
21-Jul-14,126.53,126.55,126.11,126.34,3303835
18-Jul-14,125.79,126.21,125.67,126.13,6461677
17-Jul-14,125.52,127.55,125.11,127.09,11430637
16-Jul-14,125.02,125.47,124.78,124.97,4104117
15-Jul-14,125.89,126.32,124.36,124.53,10548113
14-Jul-14,125.50,126.10,125.45,125.72,11469917
11-Jul-14,128.41,128.83,128.38,128.78,4322535
10-Jul-14,129.11,129.21,128.49,128.54,6314294
9-Jul-14,127.54,128.26,127.18,127.84,8369851
8-Jul-14,127.29,127.53,126.43,127.07,6220335
7-Jul-14,126.63,127.03,126.23,127.02,4636886
3-Jul-14,126.79,127.29,126.61,127.16,4922466
2-Jul-14,127.76,128.24,127.64,127.70,5742612
1-Jul-14,127.99,128.12,127.49,127.70,8148345
30-Jun-14,126.53,128.04,126.37,128.04,18143018
27-Jun-14,126.88,127.17,126.65,126.66,4200393
26-Jun-14,126.53,126.92,126.20,126.73,5531190
25-Jun-14,126.78,127.55,126.66,126.99,6695428
24-Jun-14,127.22,127.32,126.73,126.98,6355294
23-Jun-14,126.65,126.94,126.37,126.85,5142796
20-Jun-14,126.32,127.07,126.21,126.50,9955149
19-Jun-14,124.33,127.23,124.32,126.94,24374779
18-Jun-14,122.22,122.80,122.09,122.67,4604909
17-Jun-14,121.85,122.50,121.82,122.28,4035098
16-Jun-14,122.88,123.01,122.30,122.42,5833646
13-Jun-14,122.57,123.04,122.51,122.96,4026822
12-Jun-14,121.92,122.75,121.83,122.64,7394697
11-Jun-14,121.55,121.61,121.18,121.41,3573593
10-Jun-14,121.29,121.47,121.21,121.39,3561677
9-Jun-14,120.79,120.85,120.57,120.65,2789577
6-Jun-14,120.68,120.77,119.94,120.61,4808750
5-Jun-14,120.55,120.88,120.43,120.66,4183681
4-Jun-14,120.10,120.16,119.68,119.76,3861805
3-Jun-14,119.73,120.09,119.42,120.01,5010345
2-Jun-14,119.93,120.46,119.61,119.70,5923679
30-May-14,120.76,120.81,119.62,120.43,8753575
29-May-14,120.78,121.46,120.77,120.94,5555563
28-May-14,121.47,121.70,120.92,121.20,6741191
27-May-14,122.98,123.07,121.75,121.85,10905402
23-May-14,124.60,124.66,124.19,124.51,2206288
22-May-14,125.14,125.24,124.54,124.67,3458801
21-May-14,124.25,124.55,123.53,124.39,6848002
20-May-14,124.12,124.91,124.09,124.69,3771117
19-May-14,125.28,125.47,124.48,124.58,3903200
16-May-14,124.35,124.77,124.29,124.50,4052154
15-May-14,124.77,125.51,124.54,124.77,5862519
14-May-14,125.80,125.96,125.44,125.81,4018583
13-May-14,124.79,125.10,124.50,124.60,2643478
12-May-14,125.40,125.42,124.69,124.94,4025958
9-May-14,124.39,124.47,123.82,124.10,3119978
8-May-14,124.19,124.47,123.89,124.17,3696147
7-May-14,125.52,125.57,123.92,124.17,8471166
6-May-14,126.02,126.11,125.63,125.98,3488007
5-May-14,126.47,126.63,126.00,126.22,5202763
2-May-14,123.69,125.67,123.33,125.06,9914822
1-May-14,123.17,123.83,123.06,123.80,6687796
30-Apr-14,124.19,125.05,123.82,124.22,10354278
29-Apr-14,124.95,125.38,124.65,124.86,5241798
28-Apr-14,125.30,125.34,124.45,124.88,4898101
25-Apr-14,125.18,125.71,125.07,125.43,7025124
24-Apr-14,122.87,125.12,122.84,124.56,8755120
23-Apr-14,123.70,123.94,123.38,123.76,3741184
22-Apr-14,124.15,124.16,122.92,123.78,6899367
21-Apr-14,124.07,124.33,123.76,124.24,6579161
17-Apr-14,125.38,125.53,124.57,124.75,5902491
16-Apr-14,125.37,125.57,125.03,125.54,4072028
15-Apr-14,124.79,125.70,124.60,125.49,9970175
14-Apr-14,127.80,128.25,127.62,127.85,6680185
11-Apr-14,127.04,127.31,126.73,126.93,4699538
10-Apr-14,126.95,127.37,126.82,127.01,5008847
9-Apr-14,125.46,126.72,125.33,126.32,5307863
8-Apr-14,126.34,126.34,125.90,126.09,6946163
7-Apr-14,125.07,125.47,124.84,124.91,3969823
4-Apr-14,125.20,125.96,124.86,125.57,7278979
3-Apr-14,123.75,124.26,123.59,123.92,3659603
2-Apr-14,124.41,124.75,124.19,124.32,4907847
1-Apr-14,123.71,123.85,123.11,123.39,5998286
31-Mar-14,124.52,124.79,123.57,123.61,12379151
28-Mar-14,124.23,124.96,123.88,124.56,7253673
27-Mar-14,125.06,125.29,124.21,124.59,7315310
26-Mar-14,126.27,126.38,125.13,125.41,8581634
25-Mar-14,126.44,126.82,126.24,126.41,6567962
24-Mar-14,126.87,127.14,126.03,126.18,13076493
21-Mar-14,129.04,129.09,128.41,128.47,7246489
20-Mar-14,127.78,128.41,127.58,127.86,7690848
19-Mar-14,129.55,129.68,127.94,128.09,12932862
18-Mar-14,130.39,131.27,130.33,130.62,6424385
17-Mar-14,132.73,133.22,131.22,131.64,14630110
14-Mar-14,133.68,133.69,132.35,133.10,11949426
13-Mar-14,131.69,132.54,131.56,132.21,8007721
12-Mar-14,131.56,132.12,131.39,131.76,11107630
11-Mar-14,130.01,130.15,128.93,129.86,7295113
10-Mar-14,128.88,129.61,128.78,129.13,4170499
7-Mar-14,128.25,129.23,128.21,129.09,7577498
6-Mar-14,129.71,130.47,129.47,130.17,5417902
5-Mar-14,128.71,129.34,128.58,128.89,4880728
4-Mar-14,128.54,129.24,128.32,128.68,6350420
3-Mar-14,130.00,130.59,129.81,130.29,11785006
28-Feb-14,128.27,128.35,127.15,127.62,10588738
27-Feb-14,128.40,128.80,127.89,128.20,5067646
26-Feb-14,128.49,128.76,127.42,128.11,7057157
25-Feb-14,128.62,129.53,128.57,129.21,5787114
24-Feb-14,128.51,129.07,128.34,128.99,12116210
21-Feb-14,127.57,128.07,127.15,127.58,7306796
20-Feb-14,126.75,127.75,126.40,127.60,10578232
19-Feb-14,127.26,127.45,126.16,126.27,9390584
18-Feb-14,127.42,127.75,127.09,127.40,7690800
14-Feb-14,126.99,127.38,126.75,127.15,11180946
13-Feb-14,124.70,125.60,124.66,125.49,9263314
12-Feb-14,124.40,124.98,124.13,124.43,6654131
11-Feb-14,123.38,124.75,123.36,124.36,11558005
10-Feb-14,122.80,123.16,122.72,122.92,7937659
7-Feb-14,121.24,122.24,121.23,122.17,6683018
6-Feb-14,121.38,121.51,120.78,121.24,4748431
5-Feb-14,121.76,121.88,120.73,121.29,6801879
4-Feb-14,120.41,121.09,120.39,120.99,7029192
3-Feb-14,120.47,122.11,120.32,121.32,9270176
31-Jan-14,120.65,120.86,119.46,120.09,7984890
30-Jan-14,119.67,120.22,119.60,119.77,8752038
29-Jan-14,122.19,122.51,121.13,122.47,12262531
28-Jan-14,121.32,121.40,120.41,120.95,5156327
27-Jan-14,121.65,122.06,120.72,120.96,7533917
24-Jan-14,122.06,122.50,121.55,122.29,8540453
23-Jan-14,120.97,122.02,120.97,121.79,11038741
22-Jan-14,119.65,119.77,119.17,119.19,4898314
21-Jan-14,119.23,119.97,119.23,119.70,6765085
17-Jan-14,120.35,121.02,120.20,120.93,7926430
16-Jan-14,119.84,119.96,119.57,119.79,3950105
15-Jan-14,119.19,119.81,119.11,119.66,5476409
14-Jan-14,120.54,121.06,119.72,119.89,7506301
13-Jan-14,120.27,121.04,120.20,121.02,5877632
10-Jan-14,119.72,120.43,119.58,120.26,7994809
9-Jan-14,118.11,118.69,117.99,118.46,3972991
8-Jan-14,117.99,118.52,117.50,118.12,7432317
7-Jan-14,118.46,118.92,118.13,118.82,6435823
6-Jan-14,119.76,120.39,117.11,119.50,10107731
3-Jan-14,118.64,119.62,118.59,119.29,5879119
2-Jan-14,117.93,118.73,117.75,118.00,7570508
31-Dec-13,114.61,117.13,114.46,116.12,12838233
30-Dec-13,116.37,116.40,115.18,115.39,6713023
27-Dec-13,117.31,117.38,116.85,117.12,4207991
26-Dec-13,117.23,117.23,116.65,116.74,3868528
24-Dec-13,115.79,116.29,115.71,116.10,3353940
23-Dec-13,115.61,116.12,115.43,115.57,6244146
20-Dec-13,115.38,116.47,115.06,115.94,14697716
19-Dec-13,115.95,116.06,114.50,114.82,15984757
18-Dec-13,119.00,120.05,117.29,117.61,16265046
17-Dec-13,118.97,119.90,118.37,118.65,8589144
16-Dec-13,119.25,120.77,118.97,119.69,8193324
13-Dec-13,118.90,119.49,118.76,119.38,6484891
12-Dec-13,118.59,118.82,118.03,118.29,8810811
11-Dec-13,121.49,121.81,120.76,120.86,9934908
10-Dec-13,122.18,122.32,121.47,121.82,9164469
9-Dec-13,118.99,119.92,118.95,119.72,5510392
6-Dec-13,118.86,119.26,118.01,118.55,7910040
5-Dec-13,118.20,119.24,117.41,118.30,10254676
4-Dec-13,118.33,120.76,118.16,119.96,9110691
3-Dec-13,117.58,118.31,117.23,117.96,7004847
2-Dec-13,119.20,119.29,117.50,117.58,10297128
29-Nov-13,120.67,121.05,120.62,120.70,2364671
27-Nov-13,120.49,120.69,119.25,119.46,6144568
26-Nov-13,119.84,120.40,119.59,119.82,9053320
25-Nov-13,119.18,121.00,119.13,120.46,7271846
22-Nov-13,120.24,120.40,119.82,119.92,6776461
21-Nov-13,119.81,120.35,119.31,119.94,7562937
20-Nov-13,121.67,122.44,119.76,120.12,14281010
19-Nov-13,122.97,123.40,122.83,122.95,3666451
18-Nov-13,123.70,123.96,122.55,122.90,6241279
15-Nov-13,124.16,124.52,124.07,124.32,4664240
14-Nov-13,123.92,124.91,123.88,124.27,7669667
13-Nov-13,122.97,123.24,122.39,122.85,5966976
12-Nov-13,123.51,123.87,121.73,122.45,7705623
11-Nov-13,123.92,123.97,123.66,123.87,3277698
8-Nov-13,124.46,124.46,123.62,124.28,8427259
7-Nov-13,126.14,126.85,125.86,126.16,7700172
6-Nov-13,127.11,127.36,126.92,127.20,3544927
5-Nov-13,126.71,126.86,126.00,126.56,4942373
4-Nov-13,127.18,127.52,126.74,126.81,3819272
1-Nov-13,126.86,127.17,126.05,126.95,9571847
31-Oct-13,128.04,128.49,127.30,127.74,7753276
30-Oct-13,130.83,131.22,128.81,129.60,8895989
29-Oct-13,130.16,130.59,129.57,129.77,5334537
28-Oct-13,130.41,131.44,130.10,130.56,6817414
25-Oct-13,129.53,130.92,129.46,130.46,8771039
24-Oct-13,129.41,130.53,129.41,129.90,10225798
23-Oct-13,128.55,129.09,128.35,128.69,5099155
22-Oct-13,128.25,129.81,128.22,129.34,8852593
21-Oct-13,127.13,127.34,126.79,126.98,3395173
18-Oct-13,126.87,127.33,126.60,126.85,5350480
17-Oct-13,127.01,127.86,126.81,127.42,11785088
16-Oct-13,123.52,123.89,122.51,123.54,8525277
15-Oct-13,122.28,124.36,122.22,123.73,8384160
14-Oct-13,123.90,124.24,122.81,122.83,6118213
11-Oct-13,122.37,122.81,121.85,122.60,15972630
10-Oct-13,125.34,125.83,124.10,124.27,10523560
9-Oct-13,126.21,126.89,124.97,126.11,10707749
8-Oct-13,127.79,128.45,127.21,127.40,6999743
7-Oct-13,127.25,128.33,127.12,127.64,6737848
4-Oct-13,127.05,127.15,126.00,126.53,6924926
3-Oct-13,126.77,127.69,126.22,127.18,11632916
2-Oct-13,125.37,127.81,125.34,127.06,11997201
1-Oct-13,125.25,125.26,123.81,124.59,16721143
30-Sep-13,127.95,129.14,127.70,128.18,8982403
27-Sep-13,128.86,129.58,128.84,128.97,7454162
26-Sep-13,128.61,128.99,127.32,127.79,9492821
25-Sep-13,127.57,129.21,127.52,128.79,7519080
24-Sep-13,126.40,128.21,126.34,127.66,7350109
23-Sep-13,127.52,128.44,127.33,127.55,7425634
20-Sep-13,130.60,130.91,127.90,127.96,19558103
19-Sep-13,132.00,132.78,131.22,131.75,14353863
18-Sep-13,125.32,132.16,125.15,132.01,24825331
17-Sep-13,126.81,126.99,126.11,126.50,8135454
16-Sep-13,127.48,128.02,126.34,126.45,9987682
13-Sep-13,127.16,127.96,126.21,127.82,12060317
12-Sep-13,128.62,128.78,127.61,127.67,12943984
11-Sep-13,131.58,131.81,131.26,131.70,5028303
10-Sep-13,131.82,132.00,131.11,131.74,8433006
9-Sep-13,134.13,134.32,133.67,133.91,5090471
6-Sep-13,133.42,134.40,133.33,134.15,8449142
5-Sep-13,134.13,134.35,131.80,132.20,11126269
4-Sep-13,134.61,134.84,133.72,134.66,7789181
3-Sep-13,135.46,136.79,135.02,136.42,8101531
30-Aug-13,134.65,135.71,134.44,134.62,7689483
29-Aug-13,136.12,136.55,135.42,135.87,7943156
28-Aug-13,137.21,137.46,136.66,136.71,13652143
27-Aug-13,136.94,137.55,136.52,136.75,11283235
26-Aug-13,134.88,135.60,134.15,135.45,7692077
23-Aug-13,132.58,135.24,132.50,134.90,11623318
22-Aug-13,132.56,133.46,132.27,132.81,5742699
21-Aug-13,131.74,133.23,131.51,132.07,10726614
20-Aug-13,132.03,133.13,132.02,132.45,7809099
19-Aug-13,132.33,132.50,131.59,132.01,8120303
16-Aug-13,132.56,133.27,131.39,132.58,14447036
15-Aug-13,128.06,132.36,127.98,131.69,17226250
14-Aug-13,127.66,129.07,127.57,129.00,8713159
13-Aug-13,128.49,128.65,127.38,127.74,7339540
12-Aug-13,129.57,129.71,128.88,129.13,7422561
9-Aug-13,126.51,127.27,126.30,126.86,6194029
8-Aug-13,124.78,126.99,124.77,126.86,8661287
7-Aug-13,124.00,124.60,123.85,124.15,5306329
6-Aug-13,124.33,124.55,123.55,123.97,6021417
5-Aug-13,126.51,126.64,125.34,125.70,4007090
2-Aug-13,126.74,127.25,126.32,126.36,6466232
1-Aug-13,127.84,127.89,126.33,126.61,10564258
31-Jul-13,127.76,128.92,126.13,127.96,16016251
30-Jul-13,127.95,128.31,127.22,128.12,4489261
29-Jul-13,128.45,128.78,128.25,128.47,3558052
26-Jul-13,128.11,128.97,126.78,128.78,6149386
25-Jul-13,127.70,128.87,127.64,128.67,4725104
24-Jul-13,129.17,129.40,126.87,127.48,9979036
23-Jul-13,128.70,130.14,128.35,129.71,8826014
22-Jul-13,127.65,129.46,127.59,128.84,10858299
19-Jul-13,124.89,125.42,124.65,125.11,5768261
18-Jul-13,124.11,124.52,123.78,124.01,6152047
17-Jul-13,125.04,125.70,122.73,123.32,10887041
16-Jul-13,124.76,125.21,124.33,124.89,5579678
15-Jul-13,124.08,124.39,123.84,124.18,4134878
12-Jul-13,123.52,124.30,123.32,124.13,6584026
11-Jul-13,124.26,124.36,123.47,124.24,11282193
10-Jul-13,121.15,122.35,120.59,120.95,14697064
9-Jul-13,120.84,121.51,120.05,120.62,8203008
8-Jul-13,119.09,119.66,118.93,119.51,8654731
5-Jul-13,118.08,118.18,116.74,118.09,11593512
3-Jul-13,120.70,121.77,120.54,120.74,6750238
2-Jul-13,121.34,121.47,119.78,120.05,10553431
1-Jul-13,119.94,121.95,119.38,121.13,15952483
28-Jun-13,115.22,119.33,114.68,119.11,32986544
27-Jun-13,119.10,119.51,115.65,115.94,30001808
26-Jun-13,119.88,119.90,118.06,118.28,24748762
25-Jun-13,123.65,123.90,122.88,123.47,9373477
24-Jun-13,124.31,124.70,123.31,123.93,12751715
21-Jun-13,125.16,125.57,124.46,125.05,16600184
20-Jun-13,125.22,126.38,123.33,123.60,28872053
19-Jun-13,132.58,133.15,130.38,130.59,13017729
18-Jun-13,132.72,132.96,131.53,132.13,7381824
17-Jun-13,133.89,134.06,133.52,133.77,4077112
14-Jun-13,134.00,134.60,133.88,134.43,4274220
13-Jun-13,133.31,134.20,132.82,133.74,7164767
12-Jun-13,132.95,134.83,132.83,134.25,6552182
11-Jun-13,132.31,133.51,132.24,133.25,7156656
10-Jun-13,133.30,134.28,132.99,133.94,6142740
7-Jun-13,134.11,134.62,133.18,133.28,11057790
6-Jun-13,135.39,137.62,134.98,136.53,9848311
5-Jun-13,135.47,136.37,135.01,135.52,7444993
4-Jun-13,135.21,135.44,134.27,135.23,5506215
3-Jun-13,134.77,136.98,134.43,136.51,9176632
31-May-13,135.71,136.05,133.89,133.92,9726565
30-May-13,136.67,137.11,136.26,136.70,8612081
29-May-13,134.09,134.91,133.64,134.83,8765194
28-May-13,133.68,135.57,132.80,133.49,12466648
24-May-13,134.11,134.51,133.64,133.76,5522984
23-May-13,134.51,134.84,133.12,134.61,10272774
22-May-13,134.18,136.77,130.95,131.94,25982357
21-May-13,132.17,133.65,131.45,132.88,14542459
20-May-13,130.88,135.32,130.85,135.12,21593907
17-May-13,133.17,133.48,131.02,131.07,20349768
16-May-13,133.18,134.48,133.00,134.09,12761978
15-May-13,136.59,136.98,134.23,134.63,19068467
14-May-13,137.95,139.16,137.64,137.81,9897149
13-May-13,138.46,138.97,138.16,138.43,6719359
10-May-13,138.22,139.75,137.26,139.60,14657797
9-May-13,141.33,142.36,140.51,140.81,8265283
8-May-13,141.78,142.81,141.49,142.46,11163083
7-May-13,140.38,140.64,139.37,140.38,13630084
6-May-13,142.33,142.46,141.63,142.15,7734080
3-May-13,141.70,142.71,141.40,142.09,11671919
2-May-13,142.00,142.47,141.64,141.92,11504268
1-May-13,140.59,141.55,139.30,141.11,13939146
30-Apr-13,142.27,142.83,141.55,142.77,11287217
29-Apr-13,142.14,142.66,141.48,142.30,11006186
26-Apr-13,142.30,143.43,140.04,140.91,19313588
25-Apr-13,140.00,142.08,139.78,141.63,18895395
24-Apr-13,138.09,138.55,137.45,138.37,10372520
23-Apr-13,137.22,137.24,135.85,136.88,14650666
22-Apr-13,138.15,138.27,137.22,137.90,16572848
19-Apr-13,136.00,136.02,134.60,135.47,15666375
18-Apr-13,134.12,135.31,133.62,134.30,20044070
17-Apr-13,133.81,134.95,132.32,132.87,25444017
16-Apr-13,134.90,135.11,131.76,132.80,45650754
15-Apr-13,136.00,136.75,130.51,131.31,93804143
12-Apr-13,148.65,148.85,143.43,143.95,55601767
11-Apr-13,150.76,151.71,150.63,151.05,8063117
10-Apr-13,152.67,152.71,150.58,150.75,18515671
9-Apr-13,152.32,153.85,152.28,153.34,7047106
8-Apr-13,151.64,152.59,151.60,152.16,6246884
5-Apr-13,151.54,152.96,151.07,152.81,14491938
4-Apr-13,149.65,150.60,149.44,150.29,12429897
3-Apr-13,152.02,152.53,149.92,150.73,15740715
2-Apr-13,153.09,153.31,152.26,152.43,9398854
1-Apr-13,154.57,154.93,154.30,154.67,4289036
28-Mar-13,154.50,154.80,154.22,154.47,6851500
27-Mar-13,154.67,155.62,154.51,155.36,6718518
26-Mar-13,154.47,154.91,154.28,154.72,7389042
25-Mar-13,154.71,155.57,154.36,155.24,6820543
22-Mar-13,155.45,155.99,155.42,155.55,4746376
21-Mar-13,156.17,156.43,155.88,156.25,4992610
20-Mar-13,155.53,155.83,154.88,155.37,8221933
19-Mar-13,155.22,156.34,155.10,156.08,11027603
18-Mar-13,155.70,155.93,155.00,155.38,9303073
15-Mar-13,154.12,154.72,153.97,154.00,5701573
14-Mar-13,153.02,154.17,153.01,153.68,11420238
13-Mar-13,154.26,154.60,153.42,153.66,7436946
12-Mar-13,154.07,154.69,153.90,154.19,7265976
11-Mar-13,152.82,153.06,152.65,152.99,4810698
8-Mar-13,151.61,153.29,151.40,152.71,11860089
7-Mar-13,153.02,153.21,152.40,152.69,6593847
6-Mar-13,152.17,153.38,151.65,153.23,10862679
5-Mar-13,153.10,153.39,152.11,152.38,10805639
4-Mar-13,152.45,152.74,151.87,152.30,6643752
1-Mar-13,153.16,153.61,152.14,152.44,11179550
28-Feb-13,154.09,154.16,152.39,153.00,14866488
27-Feb-13,155.46,155.60,154.08,154.57,9604799
26-Feb-13,154.39,156.80,153.32,156.22,18182736
25-Feb-13,153.52,154.56,153.31,154.34,9488190
22-Feb-13,152.26,152.99,151.93,152.97,10093910
21-Feb-13,152.00,153.41,151.90,152.62,17970034
20-Feb-13,153.90,153.93,150.84,151.44,30923937
19-Feb-13,155.80,155.84,154.93,155.33,11809396
15-Feb-13,156.42,156.58,154.56,155.76,23374857
14-Feb-13,159.31,159.65,158.04,158.35,12415060
13-Feb-13,159.60,159.64,158.77,159.05,8962733
12-Feb-13,159.35,160.05,158.88,159.89,7632726
11-Feb-13,159.78,159.98,159.25,159.70,12147328
8-Feb-13,161.46,162.02,161.20,161.57,6086536
7-Feb-13,161.24,162.96,161.13,161.84,12828577
6-Feb-13,162.13,162.63,161.99,162.39,6147987
5-Feb-13,162.75,162.80,161.33,161.96,8979388
4-Feb-13,161.19,162.42,161.15,162.00,7360341
1-Feb-13,162.66,162.77,160.87,161.45,12904577
31-Jan-13,161.62,161.81,160.47,161.20,9336017
30-Jan-13,162.68,163.04,162.03,162.19,12015935
29-Jan-13,161.01,161.31,160.69,160.99,7366469
28-Jan-13,160.24,160.73,160.02,160.29,8497269
25-Jan-13,160.56,161.04,160.31,160.65,9037761
24-Jan-13,161.98,162.27,161.18,161.42,13191991
23-Jan-13,163.92,163.95,163.00,163.21,6698624
22-Jan-13,163.48,164.22,163.37,163.67,8590883
18-Jan-13,163.95,163.97,163.02,163.09,10038832
17-Jan-13,161.94,164.40,161.83,163.35,14913402
16-Jan-13,162.42,163.03,162.15,162.65,9219229
15-Jan-13,162.80,163.17,162.36,162.56,10085279
14-Jan-13,161.88,161.97,161.13,161.54,7289790
11-Jan-13,161.86,161.90,160.11,161.06,13676627
10-Jan-13,161.61,162.56,161.61,161.98,11432561
9-Jan-13,160.77,160.83,159.90,160.49,8337073
8-Jan-13,160.46,160.99,160.01,160.56,7696233
7-Jan-13,159.36,159.96,159.15,159.43,9362473
4-Jan-13,159.52,160.64,158.89,160.44,19179855
3-Jan-13,162.48,162.88,160.83,161.20,16117494
2-Jan-13,163.49,164.14,163.14,163.17,10436878
31-Dec-12,160.90,162.75,160.77,162.02,11789684
28-Dec-12,160.94,160.97,160.15,160.54,6854193
27-Dec-12,160.23,161.31,160.05,161.16,8938697
26-Dec-12,161.36,161.48,160.64,160.78,4967628
24-Dec-12,160.88,160.96,160.47,160.62,3699741
21-Dec-12,159.82,160.76,159.78,160.33,13445841
20-Dec-12,159.87,160.12,158.39,159.73,25148775
19-Dec-12,161.31,162.22,161.11,161.69,12995517
18-Dec-12,164.35,164.43,160.90,162.08,24000528
17-Dec-12,164.16,164.62,164.13,164.44,8177388
14-Dec-12,164.17,164.48,164.02,164.13,5352140
13-Dec-12,163.86,164.90,163.78,164.37,9333254
12-Dec-12,166.20,166.94,165.36,165.77,14172339
11-Dec-12,165.45,165.66,165.12,165.65,4725750
10-Dec-12,166.11,166.16,165.72,165.80,4649159
7-Dec-12,164.88,165.22,164.60,165.16,7290613
6-Dec-12,163.72,165.00,163.53,164.50,7301571
5-Dec-12,164.22,164.50,163.20,164.12,10649108
4-Dec-12,164.06,164.83,163.87,164.42,10212309
3-Dec-12,166.11,166.92,166.04,166.13,6364533
30-Nov-12,166.94,167.22,165.53,166.05,8414250
29-Nov-12,167.14,167.50,166.85,167.18,7447145
28-Nov-12,165.43,166.84,165.38,166.55,12881772
27-Nov-12,169.14,169.40,168.62,168.71,7320515
26-Nov-12,169.56,169.73,169.25,169.43,5377750
23-Nov-12,167.97,170.01,167.80,169.61,6110069
21-Nov-12,167.19,167.82,166.97,167.56,3811125
20-Nov-12,167.78,168.00,166.85,167.39,1230573
19-Nov-12,167.74,168.16,167.39,167.90,1529022
16-Nov-12,165.76,166.35,165.48,165.88,1475600
15-Nov-12,167.00,167.02,165.18,166.08,2192419
14-Nov-12,167.48,168.04,166.79,167.14,1413791
13-Nov-12,166.67,167.93,166.64,167.10,1505692
12-Nov-12,168.12,168.28,167.21,167.43,1107029
9-Nov-12,168.26,168.53,167.56,167.82,1717016
8-Nov-12,166.15,168.15,166.12,167.98,1895155
7-Nov-12,166.92,167.12,165.04,166.49,3050033
6-Nov-12,163.90,166.77,163.63,166.40,3557012
5-Nov-12,163.09,163.41,162.83,163.23,1200842
2-Nov-12,164.46,164.47,162.30,162.60,3061990
1-Nov-12,167.00,167.04,166.04,166.08,1576808
31-Oct-12,166.49,167.28,166.38,166.86,889839
26-Oct-12,166.25,166.60,165.77,165.94,1064319
25-Oct-12,166.32,166.52,165.77,166.02,1557400
24-Oct-12,165.79,165.83,164.60,164.86,2871476
23-Oct-12,166.06,166.06,165.13,165.42,2552689
22-Oct-12,167.09,167.62,167.06,167.58,1684744
19-Oct-12,168.43,168.45,166.23,166.94,3158881
18-Oct-12,168.81,169.30,168.59,168.77,1796838
17-Oct-12,169.23,169.94,168.92,169.54,1180182
16-Oct-12,168.84,169.45,168.67,169.42,1341182
15-Oct-12,168.99,169.09,167.54,168.35,3080606
12-Oct-12,171.17,171.41,169.82,170.05,2276768
11-Oct-12,171.26,171.95,171.13,171.32,1370045
10-Oct-12,170.54,171.34,170.30,170.84,1802836
9-Oct-12,171.86,172.17,170.56,170.99,2078945
8-Oct-12,171.75,172.28,171.68,172.05,1011059
5-Oct-12,172.87,173.37,172.01,172.62,2473142
4-Oct-12,173.24,174.07,172.93,173.61,3085327
3-Oct-12,172.51,172.61,171.89,172.41,1396138
2-Oct-12,172.50,172.70,171.64,172.10,1702918
1-Oct-12,172.74,173.62,171.77,172.35,3683992
28-Sep-12,172.04,172.48,171.34,172.02,2768179
27-Sep-12,171.06,172.59,170.76,172.36,2108144
26-Sep-12,169.45,170.05,168.35,169.81,2948128
25-Sep-12,171.78,172.10,170.50,170.73,2481196
24-Sep-12,170.67,171.36,170.57,171.08,1862646
21-Sep-12,172.90,173.18,171.54,171.96,3203719
20-Sep-12,171.06,171.68,170.24,171.47,1882204
19-Sep-12,171.86,172.03,171.20,171.74,1981776
18-Sep-12,170.80,171.95,170.67,171.71,2040869
17-Sep-12,171.79,171.96,170.08,170.40,2553979
14-Sep-12,171.89,172.22,171.31,171.80,3754754
13-Sep-12,167.87,171.91,166.30,171.33,6204496
12-Sep-12,168.87,168.87,167.25,167.92,2530504
11-Sep-12,168.19,168.53,167.79,167.90,1777381
10-Sep-12,167.84,168.13,167.23,167.29,1849954
7-Sep-12,167.76,169.00,167.37,168.44,4473850
6-Sep-12,165.19,165.78,164.81,164.90,3224778
5-Sep-12,164.14,164.38,163.82,164.31,2308276
4-Sep-12,164.08,164.75,163.66,164.48,3076445
31-Aug-12,161.14,164.22,159.56,164.22,4998993
30-Aug-12,161.26,161.29,160.01,160.52,1532193
29-Aug-12,161.59,161.67,160.18,160.59,1681346
28-Aug-12,161.61,162.19,161.30,161.64,1190825
27-Aug-12,161.77,162.29,161.34,161.36,1341501
24-Aug-12,161.90,162.33,161.34,161.96,1950200
23-Aug-12,161.44,162.45,161.23,161.91,3378668
22-Aug-12,159.20,160.63,158.51,160.54,2875333
21-Aug-12,158.79,159.20,158.69,158.83,2446612
20-Aug-12,156.53,157.39,156.49,157.26,1240695
17-Aug-12,157.02,157.07,156.27,156.72,1613780
16-Aug-12,155.85,157.09,155.51,156.56,1311199
15-Aug-12,155.32,155.81,155.28,155.63,1370982
14-Aug-12,155.06,155.57,154.84,155.13,1184078
13-Aug-12,157.05,157.45,155.90,155.99,1144247
10-Aug-12,156.88,157.82,156.66,157.22,1208510
9-Aug-12,156.35,156.99,156.29,156.99,593514
8-Aug-12,156.49,156.86,156.26,156.45,976933
7-Aug-12,156.37,156.63,156.02,156.32,1081262
6-Aug-12,155.94,156.71,155.74,156.30,1049753
3-Aug-12,154.65,155.89,154.43,155.55,2388573
2-Aug-12,154.68,155.12,153.61,154.13,3002767
1-Aug-12,155.18,155.78,154.41,155.14,2860312
31-Jul-12,157.59,157.72,156.27,156.54,2326250
30-Jul-12,156.86,157.65,155.51,157.43,1800193
27-Jul-12,157.65,157.96,156.66,157.61,2612491
26-Jul-12,156.73,157.26,156.05,156.77,2030147
25-Jul-12,155.30,156.29,155.06,155.67,2893159
24-Jul-12,153.63,153.80,152.20,153.52,2183358
23-Jul-12,152.50,153.33,152.29,153.03,1276058
20-Jul-12,152.96,154.00,152.75,153.67,1356003
19-Jul-12,153.74,154.29,152.93,153.38,1309858
18-Jul-12,152.67,153.60,152.40,153.05,1729089
17-Jul-12,154.03,154.50,152.46,153.47,3103286
16-Jul-12,154.43,154.75,153.99,154.21,906101
13-Jul-12,153.44,154.93,153.44,154.14,1486143
12-Jul-12,151.24,153.05,150.86,152.54,2937930
11-Jul-12,152.58,153.44,152.02,152.99,2067294
10-Jul-12,155.10,155.15,151.79,152.15,2619481
9-Jul-12,153.65,154.57,153.44,154.04,948258
6-Jul-12,154.24,154.49,152.96,153.72,2280468
5-Jul-12,155.42,156.40,155.11,155.68,1663801
3-Jul-12,156.96,157.70,156.80,157.46,1037706
2-Jul-12,154.65,155.53,154.35,155.09,915862
29-Jun-12,155.08,155.95,154.52,155.19,3122708
28-Jun-12,151.90,152.14,150.16,151.05,2046334
27-Jun-12,153.30,153.44,152.15,152.83,1386272
26-Jun-12,153.02,153.30,152.13,152.62,1828756
25-Jun-12,152.61,154.15,152.26,153.76,1713136
22-Jun-12,152.00,152.70,151.22,152.64,1609631
21-Jun-12,153.71,154.22,151.81,152.00,3819725
20-Jun-12,156.00,157.36,154.26,155.97,3799447
19-Jun-12,158.00,158.14,156.97,157.16,1338885
18-Jun-12,157.49,158.20,156.54,157.93,1536186
15-Jun-12,157.75,158.45,157.42,157.84,3171420
14-Jun-12,157.71,157.94,156.25,157.75,2893776
13-Jun-12,157.61,157.64,156.42,157.14,3052490
12-Jun-12,155.49,157.04,155.45,156.45,2198127
11-Jun-12,154.83,155.40,153.55,155.36,2508506
8-Jun-12,153.05,154.83,153.02,154.73,3122578
7-Jun-12,157.78,157.84,153.23,154.50,5503291
6-Jun-12,158.94,159.20,156.59,157.21,3684577
5-Jun-12,156.94,157.27,156.42,157.14,2106634
4-Jun-12,157.26,157.44,156.16,157.32,3340321
1-Jun-12,155.38,158.28,154.88,157.50,7097940
31-May-12,152.01,152.71,150.63,151.62,2682646
30-May-12,149.76,152.37,148.61,151.88,4486342
29-May-12,153.50,153.62,150.25,151.02,3002943
25-May-12,151.88,152.84,151.64,152.68,1612833
24-May-12,152.72,152.91,150.62,151.41,2615375
23-May-12,151.48,151.83,148.84,151.62,4786772
22-May-12,153.62,154.40,151.55,152.08,2316648
21-May-12,154.13,154.94,153.86,154.65,1780637
18-May-12,154.45,155.11,153.98,154.55,2889616
17-May-12,150.83,153.39,150.39,152.80,4143395
16-May-12,149.45,150.70,148.60,149.46,3557116
15-May-12,151.15,151.44,149.63,149.74,3101883
14-May-12,151.61,152.03,151.00,151.33,3028681
11-May-12,153.45,154.47,153.26,153.57,1888486
10-May-12,155.15,155.57,154.64,154.76,1649501
9-May-12,154.15,154.97,153.60,154.47,3054052
8-May-12,156.55,156.71,154.92,156.00,3700718
7-May-12,159.32,159.34,158.46,159.08,888527
4-May-12,158.81,159.96,158.57,159.47,2506535
3-May-12,159.15,159.40,158.37,158.97,2435735
2-May-12,160.71,160.78,159.76,160.60,1310382
1-May-12,162.11,162.18,160.91,161.32,1336422
30-Apr-12,160.47,161.88,160.32,161.88,1617729
27-Apr-12,161.78,161.96,161.19,161.38,1518153
26-Apr-12,160.47,161.38,160.11,161.03,2211986
25-Apr-12,159.50,159.96,157.76,159.62,2942533
24-Apr-12,159.61,160.16,159.29,159.30,1107862
23-Apr-12,158.20,159.18,157.88,159.07,1999512
20-Apr-12,159.29,159.90,159.21,159.54,1323678
19-Apr-12,160.00,160.62,159.03,159.43,1829198
18-Apr-12,159.49,160.12,159.07,159.31,1486246
17-Apr-12,160.53,160.95,158.75,160.27,1525374
16-Apr-12,160.49,161.18,159.53,160.46,1333391
13-Apr-12,162.46,162.46,160.17,160.85,2168753
12-Apr-12,160.72,163.20,160.72,162.72,1794595
11-Apr-12,161.17,161.51,160.74,161.04,2029449
10-Apr-12,159.67,161.57,158.47,161.10,3008630
9-Apr-12,159.73,160.00,158.91,159.37,1649234
5-Apr-12,157.87,158.68,157.78,158.31,1975685
4-Apr-12,157.73,158.03,156.59,157.17,3762116
3-Apr-12,163.18,163.19,159.17,159.89,3631822
2-Apr-12,161.99,163.56,161.83,162.94,1710895
30-Mar-12,161.70,162.33,161.25,162.14,1837276
29-Mar-12,161.16,161.45,159.81,161.28,2365465
28-Mar-12,162.77,162.98,160.73,161.51,2056645
27-Mar-12,164.52,164.89,163.13,163.24,2963823
26-Mar-12,163.17,164.54,162.95,164.40,3068195
23-Mar-12,160.87,161.88,160.53,161.53,2601747
22-Mar-12,158.35,159.71,158.14,159.54,2425165
21-Mar-12,160.61,161.48,160.15,160.21,1356977
20-Mar-12,160.20,161.08,159.77,160.13,2623292
19-Mar-12,160.86,162.29,160.73,161.59,1859655
16-Mar-12,160.07,161.54,159.95,161.30,3144427
15-Mar-12,159.71,161.95,159.29,161.08,2679994
14-Mar-12,159.68,160.57,158.80,159.57,5979090
13-Mar-12,163.98,165.38,161.45,162.13,4057760
12-Mar-12,165.33,165.58,164.41,165.01,1394065
9-Mar-12,163.64,166.57,163.25,166.40,3064132
8-Mar-12,164.72,165.54,164.10,165.28,1898470
7-Mar-12,162.79,164.02,162.51,163.63,1962022
6-Mar-12,162.15,162.81,161.78,162.71,3954702
5-Mar-12,165.71,165.90,164.55,165.65,2847725
2-Mar-12,166.27,166.83,165.63,166.36,2188043
1-Mar-12,166.14,167.71,165.75,166.56,5026334
29-Feb-12,173.16,173.59,164.01,164.29,8338764
28-Feb-12,172.85,174.00,172.61,173.49,2862647
27-Feb-12,172.14,172.92,171.58,171.70,1771675
24-Feb-12,172.63,173.04,172.00,172.25,2016945
23-Feb-12,172.67,173.76,172.30,173.02,2265719
22-Feb-12,170.43,173.17,170.19,172.94,3504221
21-Feb-12,169.70,171.07,169.59,171.02,2861366
17-Feb-12,168.32,168.33,166.88,167.37,1506397
16-Feb-12,166.32,168.13,166.18,168.00,1952189
15-Feb-12,168.65,168.75,167.20,168.09,2729943
14-Feb-12,167.63,167.92,166.42,167.12,1460433
13-Feb-12,167.31,167.94,166.76,167.51,1091672
10-Feb-12,166.47,167.62,166.34,167.14,2165913
9-Feb-12,170.00,170.37,167.72,168.02,3136441
8-Feb-12,169.35,169.96,167.52,168.50,2430449
7-Feb-12,167.43,170.09,167.15,169.70,2298283
6-Feb-12,167.00,167.66,166.62,167.18,1763686
3-Feb-12,169.92,170.14,167.51,167.66,4605147
2-Feb-12,169.95,171.22,169.70,171.05,2417116
1-Feb-12,169.72,170.17,169.09,169.56,1713473
31-Jan-12,169.77,169.85,167.76,169.31,2653736
30-Jan-12,168.19,168.53,167.75,168.03,2349223
27-Jan-12,167.46,169.00,167.42,168.97,3035357
26-Jan-12,168.04,168.30,167.06,167.27,4747747
25-Jan-12,161.07,166.55,160.31,166.42,7113652
24-Jan-12,161.81,162.36,161.54,162.01,1857089
23-Jan-12,162.37,163.47,162.37,163.16,2313710
20-Jan-12,160.50,162.09,160.31,162.07,3425641
19-Jan-12,160.96,161.44,160.33,161.22,1945024
18-Jan-12,160.00,161.64,159.68,161.60,2587661
17-Jan-12,161.20,161.60,160.42,160.50,2536954
13-Jan-12,-,-,-,159.26,0
12-Jan-12,161.00,161.61,159.84,160.38,2113076
11-Jan-12,159.30,160.05,158.91,159.65,1767072
10-Jan-12,158.93,159.47,158.48,158.64,1976499
9-Jan-12,157.42,157.59,156.19,156.50,2396711
6-Jan-12,158.54,158.63,156.40,157.20,2191886
5-Jan-12,155.38,158.02,155.25,157.78,2303995
4-Jan-12,155.46,157.36,155.34,156.71,2505706
3-Jan-12,154.77,156.29,154.56,155.92,3118604
30-Dec-11,-,-,-,151.99,0
29-Dec-11,149.10,150.72,148.28,150.34,4642737
28-Dec-11,154.02,154.25,150.67,151.05,3725629
27-Dec-11,155.06,155.52,154.54,154.91,1194778
23-Dec-11,-,-,-,156.31,0
22-Dec-11,156.33,156.80,155.33,156.04,2053735
21-Dec-11,157.00,157.53,156.15,157.16,3679708
20-Dec-11,156.80,157.43,156.58,156.98,2237386
19-Dec-11,155.50,155.85,154.39,154.85,2991579
16-Dec-11,154.32,155.37,153.91,155.23,3458121
15-Dec-11,154.75,154.77,151.72,152.33,4169190
14-Dec-11,156.83,157.34,152.05,152.89,10249669
13-Dec-11,161.87,163.19,157.76,158.45,6268612
12-Dec-11,162.41,162.41,161.15,161.97,4158028
9-Dec-11,166.42,167.32,166.12,166.40,2443676
8-Dec-11,166.96,167.63,165.73,165.95,3084155
7-Dec-11,168.85,169.52,167.76,169.34,2451044
6-Dec-11,166.32,168.57,165.53,168.18,2120680
5-Dec-11,169.04,169.95,167.07,167.32,3106771
2-Dec-11,170.60,170.80,169.36,169.92,1869905
1-Dec-11,169.86,170.56,168.59,169.64,2674855
30-Nov-11,169.70,170.30,169.09,170.13,3103453
29-Nov-11,166.40,167.32,166.10,166.88,2095431
28-Nov-11,166.91,167.11,165.98,166.63,2675322
25-Nov-11,163.29,165.18,163.29,163.40,1603199
23-Nov-11,-,-,-,164.83,0
22-Nov-11,164.76,165.92,164.62,165.31,2507023
21-Nov-11,166.58,166.71,162.08,163.50,4790520
18-Nov-11,167.23,168.64,166.60,167.62,3577783
17-Nov-11,170.08,170.30,166.41,167.07,5296863
16-Nov-11,171.63,172.95,170.57,171.51,3488107
15-Nov-11,173.35,173.81,171.91,173.36,2783732
14-Nov-11,173.76,173.85,172.60,173.20,1236979
11-Nov-11,172.16,174.05,172.07,173.96,2041000
10-Nov-11,172.46,172.59,168.88,171.14,3188014
9-Nov-11,174.27,174.81,171.63,172.07,2863924
8-Nov-11,174.29,175.46,172.90,173.53,4018902
7-Nov-11,172.85,175.00,172.74,174.98,5564727
4-Nov-11,171.01,171.34,170.16,170.85,2287760
3-Nov-11,171.24,172.03,169.92,171.72,5482088
2-Nov-11,168.65,169.73,167.30,169.06,3173964
1-Nov-11,164.13,167.41,163.61,167.41,4662385
31-Oct-11,167.71,168.16,166.93,167.34,2309647
28-Oct-11,169.64,169.94,168.76,169.62,1870520
27-Oct-11,167.55,170.29,166.70,169.94,4574872
26-Oct-11,167.10,168.05,166.42,167.31,4627436
25-Oct-11,161.27,166.33,160.43,165.59,4852349
24-Oct-11,160.55,161.32,160.24,161.02,2903865
21-Oct-11,160.04,160.44,158.95,159.52,2724762
20-Oct-11,157.51,158.41,156.05,157.77,4645951
19-Oct-11,161.03,161.43,159.55,159.75,2432792
18-Oct-11,160.00,162.03,158.31,161.84,3853760
17-Oct-11,164.00,164.15,161.95,162.62,2500821
14-Oct-11,163.36,163.82,162.25,163.40,2321896
13-Oct-11,162.30,162.47,160.83,162.30,1649886
12-Oct-11,163.78,163.96,162.69,163.26,2497482
11-Oct-11,162.23,162.49,161.24,162.10,2110325
10-Oct-11,162.05,163.31,161.15,163.24,1900328
7-Oct-11,161.07,161.55,158.24,159.18,2764379
6-Oct-11,160.03,161.11,158.78,160.49,2687098
5-Oct-11,157.94,160.30,156.45,159.49,3324185
4-Oct-11,160.90,161.03,155.27,157.63,5041038
3-Oct-11,161.00,161.56,159.96,160.99,3214072
30-Sep-11,157.34,160.00,156.34,158.08,4074093
29-Sep-11,158.08,158.20,156.15,157.70,2926099
28-Sep-11,160.79,161.29,155.57,156.20,4037151
27-Sep-11,161.52,162.29,159.91,160.63,4928413
26-Sep-11,157.04,158.79,154.20,157.58,8962636
23-Sep-11,164.65,165.72,158.55,159.80,11508061
22-Sep-11,169.27,170.31,167.48,169.05,7245551
21-Sep-11,174.79,176.73,173.14,173.59,3408544
20-Sep-11,173.24,176.37,172.85,175.78,2654434
19-Sep-11,176.83,176.83,172.20,173.27,3962264
16-Sep-11,173.80,177.37,173.72,176.03,3733443
15-Sep-11,174.61,174.85,172.58,174.39,5606604
14-Sep-11,177.56,177.76,176.06,177.21,3832508
13-Sep-11,177.55,179.53,176.29,178.54,4256923
12-Sep-11,178.73,178.99,175.33,176.67,4103735
9-Sep-11,179.75,181.95,179.19,180.70,5765550
8-Sep-11,181.37,182.12,179.77,181.78,4732899
7-Sep-11,176.12,178.08,174.50,177.08,9077760
6-Sep-11,184.68,185.85,181.31,182.92,7548104
2-Sep-11,182.79,183.51,182.11,183.23,5155257
1-Sep-11,177.46,178.25,176.55,177.87,2666260
31-Aug-11,177.75,179.16,176.33,177.65,3227649
30-Aug-11,177.65,179.31,176.67,179.05,5327692
29-Aug-11,176.01,176.01,172.88,173.89,5197312
26-Aug-11,173.58,177.55,171.76,177.49,9551132
25-Aug-11,167.28,172.80,165.89,172.23,11649088
24-Aug-11,177.97,178.30,170.36,171.63,15515268
23-Aug-11,182.29,183.81,177.55,177.60,13691402
22-Aug-11,181.93,184.82,181.61,184.59,6160705
19-Aug-11,181.67,181.67,178.91,179.99,7806156
18-Aug-11,177.18,178.10,176.42,177.73,4998315
17-Aug-11,173.89,174.67,173.25,174.42,3603046
16-Aug-11,172.66,174.07,172.50,173.92,3486770
15-Aug-11,169.32,171.90,168.95,171.80,4091911
12-Aug-11,169.48,170.05,167.77,169.97,6079277
11-Aug-11,172.27,172.32,168.65,170.67,10973128
10-Aug-11,172.42,175.11,171.63,174.58,9348948
9-Aug-11,169.98,173.13,167.49,168.61,12582944
8-Aug-11,165.71,167.61,164.76,167.12,10617544
5-Aug-11,161.62,162.36,160.49,161.78,6762529
4-Aug-11,163.64,163.87,159.69,160.64,9487549
3-Aug-11,162.33,162.86,161.34,161.41,6168064
2-Aug-11,159.36,161.61,158.97,161.52,6408161
1-Aug-11,157.42,158.97,156.80,157.70,3450641
29-Jul-11,158.43,159.25,157.69,158.41,4596866
28-Jul-11,157.54,157.60,156.12,157.32,2205766
27-Jul-11,158.53,158.62,156.71,157.19,3974032
26-Jul-11,156.98,157.79,156.61,157.77,2688912
25-Jul-11,157.64,157.80,156.74,157.34,3383157
22-Jul-11,155.98,156.56,155.69,156.08,2820760
21-Jul-11,155.93,156.03,154.33,154.83,4397280
20-Jul-11,154.21,156.02,154.12,156.02,3194831
19-Jul-11,156.31,156.31,154.11,154.67,5254654
18-Jul-11,155.75,156.58,155.67,156.57,4416968
15-Jul-11,154.30,155.29,154.23,155.20,3631850
14-Jul-11,154.83,155.24,153.95,154.54,4040451
13-Jul-11,153.78,154.70,153.58,154.14,6196145
12-Jul-11,151.25,153.31,150.77,152.79,6589519
11-Jul-11,151.36,151.68,150.20,151.61,4253764
8-Jul-11,150.34,150.49,149.99,150.25,3692224
7-Jul-11,148.95,149.35,148.30,149.15,2101582
6-Jul-11,148.71,149.43,148.58,148.90,3458476
5-Jul-11,146.96,147.81,146.86,147.63,3365966
1-Jul-11,-,-,-,144.94,0
30-Jun-11,147.18,147.40,145.98,145.98,3796620
29-Jun-11,146.77,147.42,146.45,147.18,2888522
28-Jun-11,146.16,146.77,145.68,146.24,2164785
27-Jun-11,145.98,146.39,145.20,145.73,3291203
24-Jun-11,147.87,148.02,146.00,146.26,4744474
23-Jun-11,148.70,148.84,147.28,148.32,6957536
22-Jun-11,151.00,151.85,150.56,150.99,3724934
21-Jun-11,150.26,150.86,150.19,150.76,3351966
20-Jun-11,150.08,150.79,149.59,150.03,2972172
17-Jun-11,148.91,150.29,148.83,149.94,4777309
16-Jun-11,148.84,149.41,148.22,149.01,3085401
15-Jun-11,148.18,149.55,147.92,149.14,3892509
14-Jun-11,147.67,148.73,147.48,148.73,2802744
13-Jun-11,148.63,149.04,147.19,147.77,3287811
10-Jun-11,149.02,149.77,148.69,149.24,3987370
9-Jun-11,150.03,151.02,149.75,150.58,2220286
8-Jun-11,150.00,150.38,149.31,149.81,2307492
7-Jun-11,150.69,150.85,149.69,150.43,2859221
6-Jun-11,150.82,151.43,150.21,150.48,3090906
3-Jun-11,150.25,150.66,149.62,150.26,3212815
2-Jun-11,150.16,150.38,148.09,149.50,3305149
1-Jun-11,149.66,151.13,149.43,149.88,4810687
31-May-11,149.88,150.16,149.41,149.64,3504089
27-May-11,-,-,-,149.70,0
26-May-11,148.40,148.61,147.60,148.22,2983372
25-May-11,148.75,149.36,148.52,148.58,2736352
24-May-11,148.49,148.99,148.18,148.56,3319877
23-May-11,147.04,147.95,146.99,147.82,4048347
20-May-11,145.77,147.78,144.91,147.48,5653616
19-May-11,145.14,145.85,144.86,145.65,1872209
18-May-11,145.53,146.22,145.14,145.60,2756093
17-May-11,144.21,144.78,143.43,144.74,4431022
16-May-11,145.84,146.67,145.20,145.36,2333547
13-May-11,146.77,147.28,144.50,145.63,4060321
12-May-11,145.84,147.10,144.96,146.59,4857122
11-May-11,147.24,147.35,145.77,146.54,4913887
10-May-11,147.21,148.19,146.93,147.90,2061213
9-May-11,146.69,147.58,146.35,147.38,2983097
6-May-11,145.20,146.08,144.41,145.30,6235811
5-May-11,146.77,147.58,142.56,143.47,12378312
4-May-11,149.83,150.33,146.77,147.79,7883814
3-May-11,150.42,150.97,148.85,149.88,6132019
2-May-11,151.48,153.61,150.36,150.43,5955980
29-Apr-11,149.91,153.03,149.76,152.36,4869972
28-Apr-11,149.32,150.00,148.61,149.81,4989986
27-Apr-11,147.43,149.21,146.53,149.21,4589903
26-Apr-11,146.46,146.62,145.48,146.39,3536265
25-Apr-11,147.58,147.58,146.42,146.87,3325882
21-Apr-11,-,-,-,146.74,0
20-Apr-11,146.35,146.83,145.74,146.50,2933201
19-Apr-11,145.70,146.23,145.18,145.93,2323851
18-Apr-11,145.22,146.06,144.63,145.93,3880419
15-Apr-11,143.88,145.12,143.57,145.06,3387456
14-Apr-11,142.35,143.83,142.23,143.82,4317721
13-Apr-11,142.36,142.53,141.48,141.90,3897887
12-Apr-11,142.72,142.81,140.76,141.65,3728399
11-Apr-11,143.29,143.49,142.28,142.62,2478110
8-Apr-11,143.44,143.84,142.97,143.66,2713661
7-Apr-11,142.25,142.89,141.80,142.51,1864778
6-Apr-11,142.42,142.62,141.78,142.38,2172197
5-Apr-11,139.64,142.09,139.52,142.05,3948062
4-Apr-11,140.04,140.26,139.46,139.84,1454168
1-Apr-11,138.63,139.55,137.72,139.20,4158264
31-Mar-11,140.06,140.40,139.79,139.82,4710789
30-Mar-11,139.12,139.16,137.69,138.67,3279744
29-Mar-11,138.20,138.82,137.95,138.24,1582297
28-Mar-11,137.84,138.83,137.78,138.56,1651525
25-Mar-11,139.98,140.24,138.67,139.26,3122558
24-Mar-11,140.34,141.28,138.84,139.22,4466342
23-Mar-11,139.63,140.55,139.55,140.34,2663446
22-Mar-11,138.90,139.36,138.67,139.05,2394718
21-Mar-11,139.50,139.91,138.97,139.11,2675850
18-Mar-11,138.10,138.82,137.77,138.37,4715861
17-Mar-11,136.53,137.08,136.25,136.97,1838924
16-Mar-11,136.54,137.20,135.80,136.24,3522530
15-Mar-11,135.33,136.93,135.23,136.27,6309611
14-Mar-11,139.33,139.55,138.61,138.86,3123529
11-Mar-11,137.30,138.93,137.18,138.19,2538910
10-Mar-11,138.46,138.50,136.85,137.77,3417736
9-Mar-11,139.92,139.94,138.94,139.41,2200064
8-Mar-11,139.62,139.66,138.84,139.36,1777367
7-Mar-11,140.33,140.61,139.28,139.73,2571872
4-Mar-11,138.61,139.75,138.61,139.35,3807636
3-Mar-11,138.81,139.13,137.58,138.09,4477124
2-Mar-11,140.16,140.53,139.49,139.93,3309921
1-Mar-11,138.56,140.03,138.49,139.90,4246735
28-Feb-11,137.58,138.13,137.05,137.72,1927910
25-Feb-11,137.19,137.74,136.78,137.40,2108679
24-Feb-11,138.06,138.14,135.75,136.45,4395387
23-Feb-11,136.97,138.20,136.92,137.51,3583490
22-Feb-11,136.91,137.22,136.19,136.29,3786901
18-Feb-11,-,-,-,135.41,0
17-Feb-11,134.79,135.15,134.47,135.04,3113664
16-Feb-11,134.27,134.85,133.46,134.10,2696012
15-Feb-11,133.87,134.17,133.63,133.97,2371875
14-Feb-11,132.95,133.38,132.70,132.95,3401329
11-Feb-11,133.04,133.43,132.10,132.35,2051447
10-Feb-11,132.10,133.30,132.00,132.85,1975765
9-Feb-11,133.18,133.39,132.49,133.07,2257343
8-Feb-11,133.00,133.50,132.81,133.13,4447171
7-Feb-11,131.70,131.95,131.23,131.64,1621831
4-Feb-11,131.89,132.66,131.24,131.61,3519741
3-Feb-11,130.03,132.32,129.29,132.20,3435869
2-Feb-11,130.41,130.60,129.46,130.46,1969616
1-Feb-11,130.52,131.08,129.33,130.80,15365935
31-Jan-11,129.27,130.51,129.25,129.87,14670003
28-Jan-11,127.97,131.48,127.95,130.28,28096040
27-Jan-11,130.29,130.49,127.80,127.92,33046905
26-Jan-11,129.83,131.17,129.28,131.16,20548378
25-Jan-11,129.65,130.27,129.07,130.10,22224453
24-Jan-11,131.01,131.63,130.14,130.36,15127193
21-Jan-11,130.76,131.43,130.53,131.03,19490781
20-Jan-11,131.76,132.10,131.04,131.20,24362816
19-Jan-11,134.34,134.40,133.40,133.72,11795120
18-Jan-11,133.62,134.00,133.17,133.43,11599761
14-Jan-11,-,-,-,132.69,0
13-Jan-11,135.66,135.68,133.63,134.05,14302771
12-Jan-11,134.79,135.58,134.35,135.46,10789629
11-Jan-11,134.79,135.16,133.96,134.91,10271745
10-Jan-11,133.85,134.20,133.24,134.12,8429805
7-Jan-11,133.38,134.61,133.18,133.58,16761763
6-Jan-11,134.05,134.38,133.14,133.83,15969284
5-Jan-11,133.50,134.68,133.10,134.37,16700803
4-Jan-11,136.24,136.28,134.16,134.75,26154219
3-Jan-11,138.67,139.00,137.88,138.00,11510130
31-Dec-10,137.78,138.77,137.72,138.72,9222315
30-Dec-10,137.58,137.71,136.94,137.03,5752073
29-Dec-10,137.38,138.05,137.19,137.71,8444182
28-Dec-10,136.85,137.34,136.62,137.22,10119296
27-Dec-10,134.96,135.06,134.49,135.02,3438495
23-Dec-10,-,-,-,134.66,0
22-Dec-10,135.60,135.70,134.97,135.05,7303863
21-Dec-10,135.17,135.78,134.79,135.32,10242705
20-Dec-10,135.13,135.44,134.33,135.11,13142257
17-Dec-10,133.97,134.63,133.22,134.20,17214696
16-Dec-10,134.21,134.23,132.86,133.81,23469056
15-Dec-10,135.34,135.93,134.68,134.70,15089497
14-Dec-10,136.27,137.21,135.86,136.18,17433259
13-Dec-10,136.26,136.64,135.86,136.05,13352306
10-Dec-10,134.94,135.48,133.95,135.41,11938169
9-Dec-10,135.69,136.16,134.88,135.37,14157550
8-Dec-10,135.91,136.29,133.88,134.79,23483256
7-Dec-10,139.46,139.54,136.46,136.50,26499129
6-Dec-10,138.14,139.46,137.73,139.11,15640795
3-Dec-10,136.62,138.11,136.48,138.07,16520222
2-Dec-10,135.62,136.59,135.15,135.20,17583716
1-Dec-10,135.71,136.14,134.96,135.38,16831063
30-Nov-10,135.21,135.75,134.78,135.42,17473063
29-Nov-10,133.19,133.75,132.33,133.51,13983795
26-Nov-10,132.38,133.16,131.93,133.11,7823118
24-Nov-10,-,-,-,134.18,0
23-Nov-10,133.60,135.07,133.46,134.41,18215163
22-Nov-10,132.13,133.60,131.69,133.48,13093374
19-Nov-10,131.48,132.35,131.01,132.20,14148338
18-Nov-10,131.82,132.78,131.55,132.09,16009336
17-Nov-10,130.77,131.37,130.13,130.38,16432080
16-Nov-10,132.24,132.38,129.83,130.97,32489668
15-Nov-10,133.86,134.49,132.39,132.42,15096718
12-Nov-10,135.89,136.31,132.82,133.69,35891104
11-Nov-10,137.62,137.75,136.45,137.66,15447417
10-Nov-10,137.03,137.28,135.15,137.24,28484613
9-Nov-10,138.70,139.15,135.05,135.59,39445122
8-Nov-10,135.92,137.79,135.53,137.78,17367381
5-Nov-10,135.14,136.61,134.95,136.38,20343593
4-Nov-10,134.64,136.13,134.24,136.03,23474598
3-Nov-10,132.28,132.52,129.48,131.57,31705840
2-Nov-10,132.44,132.59,131.88,132.49,9405214
1-Nov-10,132.85,133.07,131.76,131.92,12403504
29-Oct-10,131.48,132.82,131.06,132.62,14340787
28-Oct-10,130.36,131.50,129.84,131.24,15895902
27-Oct-10,129.93,130.00,128.79,129.52,16132025
26-Oct-10,129.99,131.14,129.73,130.88,10710900
25-Oct-10,131.16,131.38,130.21,130.85,12158348
22-Oct-10,129.47,129.75,128.97,129.73,11889375
21-Oct-10,131.08,131.59,128.72,129.47,21810811
20-Oct-10,130.36,131.65,130.32,131.32,12556590
19-Oct-10,130.46,131.59,129.75,130.11,25327162
18-Oct-10,133.46,134.34,133.16,134.28,12301736
15-Oct-10,134.24,134.46,133.07,133.68,26171172
14-Oct-10,134.06,134.85,133.90,134.75,26890455
13-Oct-10,132.73,134.31,132.63,134.07,18398457
12-Oct-10,132.06,132.21,131.36,131.96,13295787
11-Oct-10,131.28,132.33,130.98,132.29,10629816
8-Oct-10,130.78,131.88,130.47,131.66,18695298
7-Oct-10,132.60,132.67,129.51,130.37,38676787
6-Oct-10,131.45,131.86,131.34,131.81,16142182
5-Oct-10,130.11,131.12,129.87,130.99,17489513
4-Oct-10,128.52,128.62,128.22,128.46,8367916
1-Oct-10,128.72,129.07,127.91,128.91,17213503
30-Sep-10,128.15,128.28,126.61,127.91,19213387
29-Sep-10,127.93,128.24,127.52,127.95,12336702
28-Sep-10,126.42,128.03,126.11,127.85,19857146
27-Sep-10,126.90,126.91,126.48,126.72,6686128
24-Sep-10,126.91,127.00,126.30,126.69,14948535
23-Sep-10,126.20,126.66,125.81,126.30,9328863
22-Sep-10,126.58,126.63,125.70,126.20,11055851
21-Sep-10,124.77,126.17,124.16,126.01,20408305
20-Sep-10,125.09,125.45,124.78,124.87,8479130
17-Sep-10,125.03,125.03,124.27,124.54,13820956
16-Sep-10,124.50,124.77,124.19,124.63,12672720
15-Sep-10,123.97,124.29,123.44,123.94,11689007
14-Sep-10,122.92,124.59,121.55,124.02,26588844
13-Sep-10,121.63,122.11,121.39,121.62,9693282
10-Sep-10,121.40,122.30,121.39,121.73,12510394
9-Sep-10,122.44,122.88,121.38,121.56,13749732
8-Sep-10,122.82,123.42,122.60,122.71,9792741
7-Sep-10,122.91,123.06,122.63,122.70,8781190
3-Sep-10,-,-,-,121.86,0
2-Sep-10,122.38,122.48,121.89,122.29,7002013
1-Sep-10,122.15,122.21,121.43,121.69,11880081
31-Aug-10,121.77,122.19,121.46,122.08,12257100
30-Aug-10,120.85,121.06,120.58,120.91,4398739
27-Aug-10,121.20,121.45,120.42,121.01,11157418
26-Aug-10,121.09,122.95,120.50,120.96,8895558
25-Aug-10,121.12,121.38,120.67,121.36,13996642
24-Aug-10,118.77,120.80,118.71,120.36,14811385
23-Aug-10,119.91,120.07,119.42,119.78,4862695
20-Aug-10,119.97,120.07,119.45,119.97,10682814
19-Aug-10,120.65,120.99,120.11,120.39,10015407
18-Aug-10,119.23,120.51,119.00,120.22,12105463
17-Aug-10,119.75,119.97,119.60,119.75,9145319
16-Aug-10,119.70,119.82,119.46,119.73,8954062
13-Aug-10,118.82,118.89,118.36,118.74,10214530
12-Aug-10,118.56,118.86,118.46,118.77,12326949
11-Aug-10,117.74,118.14,116.58,117.34,12436882
10-Aug-10,116.59,118.09,116.40,117.73,10444819
9-Aug-10,117.76,117.85,117.23,117.40,6754905
